FECHA,HORA,temperatura,humedad,presion,direccionviento,kmviento,NOMBRE
11072026,0,12.1,92,1015.9,160,7,AEROPARQUE
11072026,1,12.0,92,1016.4,990,4,AEROPARQUE
11072026,2,11.4,94,1016.4,200,6,AEROPARQUE
11072026,3,11.1,96,1015.9,0,0,AEROPARQUE
11072026,4,10.2,97,1015.8,0,0,AEROPARQUE
11072026,5,9.8,96,1015.6,190,6,AEROPARQUE
11072026,6,10.5,91,1016.1,990,4,AEROPARQUE
11072026,7,9.5,95,1016.8,220,9,AEROPARQUE
11072026,8,9.6,95,1017.5,180,9,AEROPARQUE
11072026,9,10.1,91,1017.7,180,6,AEROPARQUE
11072026,10,10.3,90,1018.4,230,7,AEROPARQUE
11072026,11,11.1,86,1018.7,240,7,AEROPARQUE
11072026,12,12.3,80,1018.5,230,7,AEROPARQUE
11072026,13,12.6,76,1017.7,220,13,AEROPARQUE
11072026,14,12.5,75,1017.3,210,11,AEROPARQUE
11072026,15,12.3,76,1017.3,230,9,AEROPARQUE
11072026,16,11.8,79,1017.4,230,11,AEROPARQUE
11072026,17,11.9,79,1017.8,240,9,AEROPARQUE
11072026,18,11.7,81,1018.2,240,7,AEROPARQUE
11072026,19,11.0,85,1018.9,250,11,AEROPARQUE
11072026,20,10.4,92,1019.6,260,9,AEROPARQUE
11072026,21,10.3,94,1019.3,220,7,AEROPARQUE
11072026,22,10.8,89,1019.8,190,11,AEROPARQUE
11072026,23,10.7,88,1020.4,190,13,AEROPARQUE
11072026,0,8.3,97,1018.6,230,4,AZUL AERO
11072026,1,8.2,97,1017.7,200,4,AZUL AERO
11072026,2,8.5,97,1017.4,140,7,AZUL AERO
11072026,3,8.4,97,1018.0,140,7,AZUL AERO
11072026,4,8.2,97,1017.6,110,6,AZUL AERO
11072026,5,8.0,99,1017.5,160,6,AZUL AERO
11072026,6,7.9,99,1017.9,0,0,AZUL AERO
11072026,7,8.0,97,1018.2,180,6,AZUL AERO
11072026,8,8.0,97,1018.7,180,7,AZUL AERO
11072026,9,8.1,97,1019.4,180,4,AZUL AERO
11072026,10,8.6,96,1019.7,180,6,AZUL AERO
11072026,11,9.2,97,1020.1,180,6,AZUL AERO
11072026,12,9.5,96,1020.0,140,11,AZUL AERO
11072026,13,9.7,96,1019.7,140,15,AZUL AERO
11072026,14,10.3,88,1019.3,140,11,AZUL AERO
11072026,15,11.4,84,1019.0,140,11,AZUL AERO
11072026,16,10.6,85,1018.9,140,9,AZUL AERO
11072026,17,10.3,84,1019.4,140,7,AZUL AERO
11072026,18,9.6,86,1020.3,140,11,AZUL AERO
11072026,19,8.5,89,1021.1,180,7,AZUL AERO
11072026,20,7.0,94,1021.5,180,4,AZUL AERO
11072026,21,7.0,93,1021.8,140,11,AZUL AERO
11072026,22,7.3,92,1022.7,140,7,AZUL AERO
11072026,23,6.7,94,1023.1,140,4,AZUL AERO
11072026,0,7.2,92,1020.4,120,17,BAHIA BLANC
11072026,1,7.0,94,1021.2,120,11,BAHIA BLANC
11072026,2,7.2,100,1021.3,140,11,BAHIA BLANC
11072026,3,7.0,97,1021.2,130,15,BAHIA BLANC
11072026,4,6.8,100,1021.2,140,9,BAHIA BLANC
11072026,5,7.0,100,1021.3,170,15,BAHIA BLANC
11072026,6,6.6,97,1021.8,160,19,BAHIA BLANC
11072026,7,6.8,97,1022.3,160,13,BAHIA BLANC
11072026,8,6.4,97,1022.7,160,13,BAHIA BLANC
11072026,9,6.4,97,1023.2,170,13,BAHIA BLANC
11072026,10,7.1,95,1024.1,160,11,BAHIA BLANC
11072026,11,7.7,96,1024.6,190,13,BAHIA BLANC
11072026,12,8.2,88,1024.5,170,15,BAHIA BLANC
11072026,13,9.3,78,1023.6,160,20,BAHIA BLANC
11072026,14,9.2,73,1023.7,160,15,BAHIA BLANC
11072026,15,10.3,67,1023.2,180,17,BAHIA BLANC
11072026,16,10.1,62,1023.3,170,15,BAHIA BLANC
11072026,17,8.3,72,1023.5,150,11,BAHIA BLANC
11072026,18,6.5,78,1023.9,150,9,BAHIA BLANC
11072026,19,3.5,96,1024.3,130,9,BAHIA BLANC
11072026,20,3.2,90,1024.7,120,13,BAHIA BLANC
11072026,21,2.5,93,1025.3,90,11,BAHIA BLANC
11072026,22,.7,94,1025.3,70,11,BAHIA BLANC
11072026,23,.1,96,1025.7,20,9,BAHIA BLANC
11072026,0,1.4,91,,140,9,BARILOCHE A
11072026,1,1.1,93,,140,6,BARILOCHE A
11072026,2,.4,92,,160,4,BARILOCHE A
11072026,3,.2,91,,250,6,BARILOCHE A
11072026,4,.4,91,,270,4,BARILOCHE A
11072026,5,-.1,92,,70,4,BARILOCHE A
11072026,6,.0,92,,160,6,BARILOCHE A
11072026,7,.3,92,,250,6,BARILOCHE A
11072026,8,.6,94,,200,4,BARILOCHE A
11072026,9,.4,96,,990,4,BARILOCHE A
11072026,10,.5,93,,0,0,BARILOCHE A
11072026,11,.8,93,,130,4,BARILOCHE A
11072026,12,1.7,88,,240,6,BARILOCHE A
11072026,13,2.4,89,,0,0,BARILOCHE A
11072026,14,3.2,81,,990,2,BARILOCHE A
11072026,15,3.3,84,,0,0,BARILOCHE A
11072026,16,3.8,80,,990,2,BARILOCHE A
11072026,17,3.9,80,,0,0,BARILOCHE A
11072026,18,3.9,85,,270,4,BARILOCHE A
11072026,19,3.1,86,,140,4,BARILOCHE A
11072026,20,2.3,85,,180,4,BARILOCHE A
11072026,21,1.8,90,,170,4,BARILOCHE A
11072026,22,1.6,90,,160,7,BARILOCHE A
11072026,23,1.6,91,,0,0,BARILOCHE A
11072026,0,-20.1,51,978.7,140,24,BASE BELGRA
11072026,3,-20.2,57,979.1,140,31,BASE BELGRA
11072026,6,-16.1,67,980.2,70,7,BASE BELGRA
11072026,9,-16.6,71,982.0,140,19,BASE BELGRA
11072026,12,-16.5,47,983.4,360,22,BASE BELGRA
11072026,15,-17.7,69,985.2,320,7,BASE BELGRA
11072026,18,-18.1,62,987.0,50,17,BASE BELGRA
11072026,21,-18.4,67,989.1,360,9,BASE BELGRA
11072026,0,.6,95,998.1,290,48,BASE CARLIN
11072026,3,.5,97,997.2,290,59,BASE CARLIN
11072026,6,.5,97,996.5,290,57,BASE CARLIN
11072026,9,.6,93,996.3,290,52,BASE CARLIN
11072026,12,.5,95,996.8,290,44,BASE CARLIN
11072026,15,.1,96,996.4,290,39,BASE CARLIN
11072026,18,-.7,94,996.7,290,37,BASE CARLIN
11072026,21,-2.3,73,998.7,250,33,BASE CARLIN
11072026,0,.5,83,991.2,230,41,BASE ESPERA
11072026,3,.4,85,988.9,270,59,BASE ESPERA
11072026,6,.7,83,987.4,270,61,BASE ESPERA
11072026,9,.7,77,989.2,270,50,BASE ESPERA
11072026,12,.0,78,989.3,270,50,BASE ESPERA
11072026,15,-.9,85,992.0,250,46,BASE ESPERA
11072026,18,-1.3,85,992.4,250,35,BASE ESPERA
11072026,21,-3.1,86,993.6,270,37,BASE ESPERA
11072026,0,-2.0,61,985.7,290,31,BASE MARAMB
11072026,1,-1.5,63,986.4,290,20,BASE MARAMB
11072026,2,-1.6,60,985.9,320,31,BASE MARAMB
11072026,3,-.6,53,986.0,320,44,BASE MARAMB
11072026,4,-1.4,61,985.7,320,46,BASE MARAMB
11072026,5,-.8,63,985.7,320,46,BASE MARAMB
11072026,6,-.7,68,985.6,320,50,BASE MARAMB
11072026,7,-.5,65,985.0,320,52,BASE MARAMB
11072026,8,-.7,65,985.7,320,39,BASE MARAMB
11072026,9,-1.0,66,986.0,300,35,BASE MARAMB
11072026,10,-1.0,60,986.2,270,24,BASE MARAMB
11072026,12,-2.0,57,988.0,230,22,BASE MARAMB
11072026,13,-2.6,66,988.5,230,19,BASE MARAMB
11072026,14,-2.7,64,989.1,230,15,BASE MARAMB
11072026,15,-3.4,66,989.3,290,13,BASE MARAMB
11072026,16,-3.5,66,989.6,320,7,BASE MARAMB
11072026,17,-4.4,63,989.7,280,15,BASE MARAMB
11072026,18,-4.7,58,990.1,180,17,BASE MARAMB
11072026,19,-4.2,48,990.8,210,20,BASE MARAMB
11072026,21,-7.2,64,992.3,230,41,BASE MARAMB
11072026,22,-8.4,66,993.8,180,33,BASE MARAMB
11072026,23,-10.0,66,994.8,180,15,BASE MARAMB
11072026,0,-1.6,88,999.1,340,13,BASE ORCADA
11072026,3,.0,88,999.9,320,17,BASE ORCADA
11072026,6,.7,84,1000.7,340,15,BASE ORCADA
11072026,9,.6,86,1001.1,340,24,BASE ORCADA
11072026,12,.6,86,1001.0,340,22,BASE ORCADA
11072026,15,.4,92,1000.3,340,24,BASE ORCADA
11072026,18,.4,92,999.9,320,24,BASE ORCADA
11072026,21,.4,92,999.8,320,19,BASE ORCADA
11072026,0,-1.8,82,974.1,320,39,BASE SAN MA
11072026,3,-5.6,95,979.2,290,43,BASE SAN MA
11072026,6,-6.2,94,983.2,290,44,BASE SAN MA
11072026,9,-6.7,66,986.6,290,31,BASE SAN MA
11072026,12,-7.9,82,989.1,290,31,BASE SAN MA
11072026,15,-8.1,76,992.1,290,28,BASE SAN MA
11072026,18,-8.3,81,993.3,340,11,BASE SAN MA
11072026,21,-10.2,86,996.7,290,26,BASE SAN MA
11072026,9,16.6,97,,360,15,BERNARDO DE
11072026,15,18.0,97,,360,4,BERNARDO DE
11072026,21,16.5,99,,180,9,BERNARDO DE
11072026,9,6.8,100,1020.2,180,6,BOLIVAR AER
11072026,10,7.2,97,1020.5,180,6,BOLIVAR AER
11072026,11,9.0,94,1021.3,180,6,BOLIVAR AER
11072026,12,9.7,86,1021.2,180,9,BOLIVAR AER
11072026,13,10.1,81,1021.0,230,15,BOLIVAR AER
11072026,14,10.3,84,1020.4,230,9,BOLIVAR AER
11072026,15,10.5,88,1020.2,230,6,BOLIVAR AER
11072026,16,11.0,88,1020.1,230,6,BOLIVAR AER
11072026,17,11.4,90,1020.6,230,9,BOLIVAR AER
11072026,18,10.8,94,1021.1,230,6,BOLIVAR AER
11072026,19,9.4,95,1021.5,230,4,BOLIVAR AER
11072026,20,8.3,96,1021.9,230,4,BOLIVAR AER
11072026,21,7.0,99,1022.6,0,0,BOLIVAR AER
11072026,0,11.8,91,1016.0,140,9,BUENOS AIRE
11072026,1,11.8,91,1016.6,180,4,BUENOS AIRE
11072026,2,11.2,92,1016.6,180,4,BUENOS AIRE
11072026,3,11.2,92,1015.9,0,0,BUENOS AIRE
11072026,4,9.4,92,1015.7,180,4,BUENOS AIRE
11072026,5,8.8,92,1015.6,160,6,BUENOS AIRE
11072026,6,9.4,95,1016.4,200,11,BUENOS AIRE
11072026,7,9.4,95,1017.1,200,4,BUENOS AIRE
11072026,8,9.6,95,1018.0,200,4,BUENOS AIRE
11072026,9,10.0,92,1018.3,200,4,BUENOS AIRE
11072026,10,10.6,90,1018.4,200,6,BUENOS AIRE
11072026,11,11.2,86,1018.8,250,6,BUENOS AIRE
11072026,12,12.7,82,1018.5,230,9,BUENOS AIRE
11072026,13,13.0,75,1017.8,230,11,BUENOS AIRE
11072026,14,12.4,77,1017.4,230,9,BUENOS AIRE
11072026,15,12.2,78,1017.5,230,11,BUENOS AIRE
11072026,16,12.0,79,1017.8,230,11,BUENOS AIRE
11072026,17,11.8,80,1018.2,230,9,BUENOS AIRE
11072026,18,11.6,81,1018.4,230,7,BUENOS AIRE
11072026,19,11.1,85,1019.3,230,7,BUENOS AIRE
11072026,20,10.4,91,1019.8,230,6,BUENOS AIRE
11072026,21,10.4,91,1019.7,230,4,BUENOS AIRE
11072026,22,10.7,90,1020.1,140,2,BUENOS AIRE
11072026,23,10.5,90,1020.7,180,6,BUENOS AIRE
11072026,9,9.1,97,1018.8,230,6,CAMPO DE MA
11072026,10,9.4,99,1019.2,200,9,CAMPO DE MA
11072026,11,10.0,95,1019.5,250,6,CAMPO DE MA
11072026,12,10.9,92,1019.2,230,13,CAMPO DE MA
11072026,13,11.6,87,1018.7,230,17,CAMPO DE MA
11072026,14,12.3,83,1018.1,230,13,CAMPO DE MA
11072026,15,10.9,85,1018.2,230,15,CAMPO DE MA
11072026,16,11.0,84,1018.3,230,15,CAMPO DE MA
11072026,17,10.6,86,1018.7,230,15,CAMPO DE MA
11072026,18,10.6,86,1019.1,230,13,CAMPO DE MA
11072026,19,10.4,85,1019.9,250,13,CAMPO DE MA
11072026,20,10.1,86,1020.4,230,13,CAMPO DE MA
11072026,21,9.4,96,1020.2,230,9,CAMPO DE MA
11072026,0,14.0,68,1014.3,50,6,CATAMARCA A
11072026,1,13.8,70,1013.9,50,6,CATAMARCA A
11072026,2,13.8,72,1014.1,50,6,CATAMARCA A
11072026,3,13.8,70,1014.7,50,6,CATAMARCA A
11072026,4,13.0,76,1015.3,180,9,CATAMARCA A
11072026,5,12.6,73,1015.9,230,6,CATAMARCA A
11072026,6,10.4,85,1016.1,360,6,CATAMARCA A
11072026,7,9.4,85,1017.1,40,6,CATAMARCA A
11072026,8,6.6,92,1018.4,360,13,CATAMARCA A
11072026,9,6.6,88,1019.9,20,6,CATAMARCA A
11072026,10,12.2,75,1020.6,50,7,CATAMARCA A
11072026,11,16.2,59,1021.2,180,17,CATAMARCA A
11072026,12,17.2,52,1020.7,230,13,CATAMARCA A
11072026,13,18.8,49,1020.0,140,13,CATAMARCA A
11072026,14,20.2,48,1018.2,230,22,CATAMARCA A
11072026,15,21.2,42,1017.5,230,24,CATAMARCA A
11072026,16,21.8,43,1017.2,230,19,CATAMARCA A
11072026,17,20.2,48,1017.4,230,9,CATAMARCA A
11072026,18,19.6,52,1017.7,270,7,CATAMARCA A
11072026,19,18.2,62,1018.1,0,0,CATAMARCA A
11072026,20,17.2,60,1018.9,50,6,CATAMARCA A
11072026,21,16.4,67,1019.9,0,0,CATAMARCA A
11072026,22,15.6,66,1019.6,10,4,CATAMARCA A
11072026,23,15.6,68,1019.5,320,4,CATAMARCA A
11072026,6,10.2,85,1015.2,200,9,CERES AERO
11072026,7,10.3,90,1015.9,210,9,CERES AERO
11072026,8,9.8,90,1016.8,200,11,CERES AERO
11072026,9,9.7,90,1018.5,200,17,CERES AERO
11072026,10,9.9,97,1019.7,180,19,CERES AERO
11072026,11,13.6,75,1020.5,180,19,CERES AERO
11072026,12,13.5,75,1020.7,190,22,CERES AERO
11072026,13,11.8,78,1021.0,170,22,CERES AERO
11072026,14,13.8,66,1020.4,180,22,CERES AERO
11072026,15,12.9,68,1020.3,180,22,CERES AERO
11072026,16,12.2,70,1020.4,180,22,CERES AERO
11072026,17,11.5,73,1020.6,180,20,CERES AERO
11072026,18,11.2,71,1020.9,170,19,CERES AERO
11072026,19,10.0,77,1021.2,150,13,CERES AERO
11072026,20,9.9,79,1021.9,160,9,CERES AERO
11072026,21,9.8,82,1022.6,170,17,CERES AERO
11072026,9,9.2,85,1020.7,0,0,CHAMICAL AE
11072026,10,12.8,71,1020.7,0,0,CHAMICAL AE
11072026,11,13.6,68,1020.2,0,0,CHAMICAL AE
11072026,12,15.6,62,1019.1,0,0,CHAMICAL AE
11072026,13,18.0,56,1018.2,0,0,CHAMICAL AE
11072026,14,21.2,46,1018.6,0,0,CHAMICAL AE
11072026,15,19.2,45,1019.6,180,7,CHAMICAL AE
11072026,16,22.6,43,1016.4,140,9,CHAMICAL AE
11072026,17,21.0,40,1015.8,140,9,CHAMICAL AE
11072026,18,20.4,40,1016.9,0,0,CHAMICAL AE
11072026,19,18.0,47,1017.6,0,0,CHAMICAL AE
11072026,20,16.0,52,1017.9,0,0,CHAMICAL AE
11072026,21,12.8,55,1019.4,0,0,CHAMICAL AE
11072026,6,.0,92,1023.8,0,0,CHAPELCO AE
11072026,7,-.4,92,1024.0,20,7,CHAPELCO AE
11072026,8,-.2,92,1024.2,50,9,CHAPELCO AE
11072026,9,-.2,92,1025.1,40,9,CHAPELCO AE
11072026,10,.2,92,1025.6,50,7,CHAPELCO AE
11072026,11,.4,96,1025.3,0,0,CHAPELCO AE
11072026,12,1.2,97,1024.7,0,0,CHAPELCO AE
11072026,13,2.2,90,1023.8,0,0,CHAPELCO AE
11072026,14,2.8,90,1022.6,20,7,CHAPELCO AE
11072026,15,2.8,90,1022.0,70,15,CHAPELCO AE
11072026,16,2.6,90,1022.2,70,11,CHAPELCO AE
11072026,17,2.8,90,1022.1,0,0,CHAPELCO AE
11072026,18,3.2,91,1022.4,0,0,CHAPELCO AE
11072026,19,2.2,93,1022.4,30,9,CHAPELCO AE
11072026,20,2.0,97,1022.8,30,9,CHAPELCO AE
11072026,21,2.0,97,1023.2,40,9,CHAPELCO AE
11072026,9,7.6,70,1020.8,270,4,CHEPES
11072026,15,15.8,46,,230,9,CHEPES
11072026,21,7.8,79,1022.4,230,9,CHEPES
11072026,0,2.6,93,1023.8,320,7,COMODORO RI
11072026,1,.8,92,1023.7,250,6,COMODORO RI
11072026,2,1.0,92,1023.3,270,4,COMODORO RI
11072026,3,1.0,92,1022.9,230,6,COMODORO RI
11072026,4,1.1,97,1022.7,200,4,COMODORO RI
11072026,5,2.2,95,1022.2,250,4,COMODORO RI
11072026,6,2.4,95,1022.1,290,4,COMODORO RI
11072026,7,3.1,91,1022.0,210,4,COMODORO RI
11072026,8,3.9,89,1021.8,990,2,COMODORO RI
11072026,9,3.5,91,1021.5,120,4,COMODORO RI
11072026,10,6.1,85,1021.6,300,7,COMODORO RI
11072026,11,7.4,79,1021.3,990,7,COMODORO RI
11072026,12,8.4,72,1021.2,300,17,COMODORO RI
11072026,13,7.7,70,1020.8,310,24,COMODORO RI
11072026,14,8.3,68,1020.0,320,13,COMODORO RI
11072026,15,9.9,60,1019.1,300,15,COMODORO RI
11072026,16,9.7,60,1018.5,290,11,COMODORO RI
11072026,17,9.2,60,1018.2,270,13,COMODORO RI
11072026,18,7.2,68,1018.1,270,9,COMODORO RI
11072026,19,5.7,72,1018.4,320,9,COMODORO RI
11072026,20,2.3,77,1018.4,290,11,COMODORO RI
11072026,21,1.5,86,1018.7,360,6,COMODORO RI
11072026,22,.7,87,1018.6,270,9,COMODORO RI
11072026,23,1.0,83,1018.2,290,11,COMODORO RI
11072026,6,12.6,86,1013.1,200,7,CONCORDIA A
11072026,7,11.8,93,1013.4,230,9,CONCORDIA A
11072026,8,11.6,92,1014.6,230,9,CONCORDIA A
11072026,9,10.8,92,1015.6,230,11,CONCORDIA A
11072026,10,12.8,84,1016.5,230,15,CONCORDIA A
11072026,11,15.2,71,1016.8,230,13,CONCORDIA A
11072026,12,17.2,60,1017.0,230,22,CONCORDIA A
11072026,13,18.1,57,1016.9,230,28,CONCORDIA A
11072026,14,18.0,61,1016.4,200,17,CONCORDIA A
11072026,15,18.2,60,1016.3,200,19,CONCORDIA A
11072026,16,18.1,61,1016.6,220,19,CONCORDIA A
11072026,17,16.0,70,1016.9,250,17,CONCORDIA A
11072026,18,13.6,82,1017.9,240,22,CONCORDIA A
11072026,19,13.4,80,1018.5,250,13,CONCORDIA A
11072026,20,12.7,86,1019.2,250,13,CONCORDIA A
11072026,21,12.1,88,1019.6,260,11,CONCORDIA A
11072026,0,5.2,90,1018.6,240,6,CORDOBA AER
11072026,1,5.0,88,1019.0,280,9,CORDOBA AER
11072026,2,4.8,88,1018.7,0,0,CORDOBA AER
11072026,3,5.2,88,1017.6,320,7,CORDOBA AER
11072026,4,4.4,85,1017.8,360,4,CORDOBA AER
11072026,5,3.6,90,1017.2,340,9,CORDOBA AER
11072026,6,2.3,95,1017.5,320,7,CORDOBA AER
11072026,7,2.3,95,1019.4,270,7,CORDOBA AER
11072026,8,1.6,95,1021.1,270,7,CORDOBA AER
11072026,9,4.2,97,1022.3,230,7,CORDOBA AER
11072026,10,5.5,97,1023.4,230,13,CORDOBA AER
11072026,11,5.6,97,1024.4,180,9,CORDOBA AER
11072026,12,6.6,94,1024.6,180,9,CORDOBA AER
11072026,13,6.3,84,1024.8,230,9,CORDOBA AER
11072026,14,8.6,83,1023.8,230,11,CORDOBA AER
11072026,15,9.7,79,1022.9,180,9,CORDOBA AER
11072026,16,10.7,73,1022.6,180,11,CORDOBA AER
11072026,17,11.3,70,1022.8,180,9,CORDOBA AER
11072026,18,10.4,74,1023.1,140,7,CORDOBA AER
11072026,19,6.9,86,1024.2,140,7,CORDOBA AER
11072026,20,5.5,90,1025.1,140,7,CORDOBA AER
11072026,21,6.4,90,1025.2,140,9,CORDOBA AER
11072026,22,6.9,87,1025.2,230,9,CORDOBA AER
11072026,23,7.0,86,1025.6,140,9,CORDOBA AER
11072026,6,6.6,93,1017.0,270,4,CORDOBA OBS
11072026,7,6.0,93,1018.1,250,4,CORDOBA OBS
11072026,8,5.6,93,1019.9,250,4,CORDOBA OBS
11072026,9,5.8,90,1021.2,210,6,CORDOBA OBS
11072026,10,5.5,97,1023.1,200,6,CORDOBA OBS
11072026,11,6.2,93,1024.2,190,6,CORDOBA OBS
11072026,12,7.4,89,1024.6,180,9,CORDOBA OBS
11072026,13,8.2,82,1024.3,200,6,CORDOBA OBS
11072026,14,9.6,78,1023.4,230,9,CORDOBA OBS
11072026,15,11.2,73,1022.3,180,6,CORDOBA OBS
11072026,16,13.4,65,1021.9,140,7,CORDOBA OBS
11072026,17,13.0,68,1022.2,140,7,CORDOBA OBS
11072026,18,11.6,74,1022.4,140,7,CORDOBA OBS
11072026,19,9.9,78,1023.2,140,9,CORDOBA OBS
11072026,20,8.5,83,1024.1,160,6,CORDOBA OBS
11072026,21,7.6,88,1024.6,180,4,CORDOBA OBS
11072026,6,6.2,95,1019.9,200,7,CORONEL SUA
11072026,7,6.3,97,1020.2,200,4,CORONEL SUA
11072026,8,6.1,97,1020.6,180,7,CORONEL SUA
11072026,9,6.3,97,1021.2,180,13,CORONEL SUA
11072026,10,7.0,92,1021.7,180,17,CORONEL SUA
11072026,11,8.2,86,1022.1,160,22,CORONEL SUA
11072026,12,9.0,84,1022.0,180,22,CORONEL SUA
11072026,15,10.1,75,1021.1,160,24,CORONEL SUA
11072026,21,4.0,89,1024.1,160,13,CORONEL SUA
11072026,0,18.7,96,1009.3,330,6,CORRIENTES
11072026,1,17.5,98,1009.1,200,4,CORRIENTES
11072026,2,17.3,96,1009.7,200,11,CORRIENTES
11072026,3,17.3,95,1009.6,200,15,CORRIENTES
11072026,4,17.1,95,1009.8,200,9,CORRIENTES
11072026,5,16.3,96,1010.3,220,11,CORRIENTES
11072026,6,16.0,96,1010.1,220,24,CORRIENTES
11072026,7,16.9,92,1011.1,220,11,CORRIENTES
11072026,8,16.9,90,1013.4,220,17,CORRIENTES
11072026,9,16.9,93,1013.6,200,13,CORRIENTES
11072026,10,18.5,81,1014.0,210,15,CORRIENTES
11072026,11,19.4,77,1014.7,230,15,CORRIENTES
11072026,12,21.8,69,1014.3,230,15,CORRIENTES
11072026,13,22.6,66,1014.8,230,30,CORRIENTES
11072026,14,23.2,57,1014.3,230,30,CORRIENTES
11072026,15,23.2,55,1014.2,220,30,CORRIENTES
11072026,16,22.9,57,1014.2,210,30,CORRIENTES
11072026,17,21.6,61,1014.7,220,24,CORRIENTES
11072026,18,20.0,63,1015.2,220,22,CORRIENTES
11072026,19,18.3,58,1015.9,220,19,CORRIENTES
11072026,20,17.1,65,1016.6,230,19,CORRIENTES
11072026,21,15.5,68,1017.2,220,17,CORRIENTES
11072026,22,14.7,72,1017.7,220,15,CORRIENTES
11072026,23,13.8,81,1018.7,210,15,CORRIENTES
11072026,9,10.2,100,1016.9,230,7,DOLORES AER
11072026,10,10.6,100,1017.2,180,13,DOLORES AER
11072026,11,10.7,100,1017.5,200,15,DOLORES AER
11072026,12,10.6,100,1017.3,230,19,DOLORES AER
11072026,13,11.2,100,1016.9,180,11,DOLORES AER
11072026,14,11.4,91,1016.6,180,19,DOLORES AER
11072026,15,11.4,89,1016.5,180,19,DOLORES AER
11072026,16,11.0,89,1016.7,180,22,DOLORES AER
11072026,17,10.6,91,1017.4,180,22,DOLORES AER
11072026,18,9.8,91,1017.4,180,15,DOLORES AER
11072026,19,9.2,95,1018.5,180,15,DOLORES AER
11072026,20,8.8,96,1019.3,200,17,DOLORES AER
11072026,21,8.6,95,1019.6,180,9,DOLORES AER
11072026,9,.1,94,1025.1,0,0,EL BOLSON A
11072026,12,4.1,85,1025.6,0,0,EL BOLSON A
11072026,15,7.5,63,1022.3,0,0,EL BOLSON A
11072026,18,6.1,69,1022.5,0,0,EL BOLSON A
11072026,21,1.7,89,1024.0,0,0,EL BOLSON A
11072026,0,-6.6,100,1020.8,990,6,EL CALAFATE
11072026,1,-5.4,95,1020.3,160,7,EL CALAFATE
11072026,2,-3.4,95,1020.1,130,7,EL CALAFATE
11072026,3,-3.0,91,1019.5,990,4,EL CALAFATE
11072026,4,-3.2,91,1019.0,290,7,EL CALAFATE
11072026,5,-2.4,90,1019.0,990,4,EL CALAFATE
11072026,6,-2.4,90,1019.0,990,4,EL CALAFATE
11072026,7,-2.2,90,1018.9,90,13,EL CALAFATE
11072026,8,-2.4,90,1019.1,90,11,EL CALAFATE
11072026,9,-2.6,86,1019.6,990,6,EL CALAFATE
11072026,10,-2.4,90,1019.5,50,11,EL CALAFATE
11072026,11,-2.2,85,1019.7,20,9,EL CALAFATE
11072026,12,-1.6,90,1019.6,20,13,EL CALAFATE
11072026,13,-1.0,83,1019.3,990,4,EL CALAFATE
11072026,14,.4,78,1018.3,990,6,EL CALAFATE
11072026,15,1.2,78,1017.7,990,6,EL CALAFATE
11072026,16,.4,89,1017.2,990,4,EL CALAFATE
11072026,17,.2,78,1017.4,990,4,EL CALAFATE
11072026,18,-.8,87,1017.1,200,4,EL CALAFATE
11072026,19,-1.8,87,1017.3,200,7,EL CALAFATE
11072026,20,-2.0,86,1017.2,140,6,EL CALAFATE
11072026,21,-2.2,90,1017.2,180,4,EL CALAFATE
11072026,22,-2.6,91,1017.3,110,4,EL CALAFATE
11072026,23,-2.4,90,1017.4,110,6,EL CALAFATE
11072026,0,11.2,92,1016.0,140,9,EL PALOMAR
11072026,1,10.6,95,1016.3,140,9,EL PALOMAR
11072026,2,10.4,95,1016.6,150,6,EL PALOMAR
11072026,3,9.2,97,1015.9,50,2,EL PALOMAR
11072026,4,6.8,97,1015.8,200,6,EL PALOMAR
11072026,5,8.2,97,1015.8,200,9,EL PALOMAR
11072026,6,8.2,97,1016.8,210,15,EL PALOMAR
11072026,7,9.0,97,1017.4,200,9,EL PALOMAR
11072026,8,8.8,99,1017.9,230,6,EL PALOMAR
11072026,9,9.3,100,1018.5,210,9,EL PALOMAR
11072026,10,9.6,96,1018.6,210,11,EL PALOMAR
11072026,11,10.2,92,1018.8,220,6,EL PALOMAR
11072026,12,11.3,88,1018.8,230,15,EL PALOMAR
11072026,13,11.8,81,1018.2,220,17,EL PALOMAR
11072026,14,11.3,83,1017.6,220,13,EL PALOMAR
11072026,15,11.3,79,1017.8,230,19,EL PALOMAR
11072026,16,11.1,82,1017.8,240,17,EL PALOMAR
11072026,17,11.3,79,1018.1,230,15,EL PALOMAR
11072026,18,10.9,81,1018.5,240,13,EL PALOMAR
11072026,19,10.3,86,1019.3,250,13,EL PALOMAR
11072026,20,9.3,97,1019.9,240,15,EL PALOMAR
11072026,21,9.6,95,1019.6,230,11,EL PALOMAR
11072026,22,9.4,92,1020.2,230,9,EL PALOMAR
11072026,23,9.4,96,1020.7,210,9,EL PALOMAR
11072026,9,2.8,87,1023.3,170,13,ESCUELA DE
11072026,10,5.0,100,1023.9,160,19,ESCUELA DE
11072026,11,5.4,94,1024.9,160,11,ESCUELA DE
11072026,12,6.0,97,1025.2,180,17,ESCUELA DE
11072026,13,8.0,87,1025.0,160,15,ESCUELA DE
11072026,14,9.2,80,1024.4,180,15,ESCUELA DE
11072026,15,11.2,73,1023.1,140,9,ESCUELA DE
11072026,16,12.6,69,1022.6,140,7,ESCUELA DE
11072026,17,13.0,67,1023.0,0,0,ESCUELA DE
11072026,18,12.2,73,1023.1,140,4,ESCUELA DE
11072026,19,9.0,82,1024.6,140,4,ESCUELA DE
11072026,20,7.0,92,1025.5,140,9,ESCUELA DE
11072026,21,4.6,88,1026.2,240,2,ESCUELA DE
11072026,6,.0,92,1023.4,350,4,ESQUEL AERO
11072026,7,-.1,91,1023.2,340,6,ESQUEL AERO
11072026,8,-.1,91,1024.1,360,6,ESQUEL AERO
11072026,9,-.2,92,1024.3,20,7,ESQUEL AERO
11072026,10,-.2,92,1024.4,10,7,ESQUEL AERO
11072026,11,-.2,92,1024.4,20,6,ESQUEL AERO
11072026,12,.2,90,1024.7,30,6,ESQUEL AERO
11072026,13,1.3,82,1023.8,40,15,ESQUEL AERO
11072026,14,2.2,77,1022.9,40,15,ESQUEL AERO
11072026,15,2.8,69,1022.4,30,11,ESQUEL AERO
11072026,16,3.2,81,1021.9,10,11,ESQUEL AERO
11072026,17,2.7,87,1022.3,70,9,ESQUEL AERO
11072026,18,1.4,90,1022.5,20,7,ESQUEL AERO
11072026,19,-.2,96,1022.8,990,4,ESQUEL AERO
11072026,20,-1.0,92,1023.2,10,6,ESQUEL AERO
11072026,21,-1.2,94,1023.5,20,4,ESQUEL AERO
11072026,0,10.8,97,1016.5,180,6,EZEIZA AERO
11072026,1,10.2,100,1016.6,180,6,EZEIZA AERO
11072026,2,10.0,100,1016.7,200,4,EZEIZA AERO
11072026,3,9.2,100,1015.9,110,6,EZEIZA AERO
11072026,4,8.8,100,1016.2,310,4,EZEIZA AERO
11072026,5,8.6,100,1016.0,210,6,EZEIZA AERO
11072026,6,8.5,100,1016.8,210,9,EZEIZA AERO
11072026,7,8.6,100,1017.4,200,7,EZEIZA AERO
11072026,8,8.8,99,1017.7,210,4,EZEIZA AERO
11072026,9,9.0,97,1018.0,230,6,EZEIZA AERO
11072026,10,10.2,96,1018.5,280,9,EZEIZA AERO
11072026,11,10.4,95,1018.7,250,11,EZEIZA AERO
11072026,12,10.9,89,1018.8,250,19,EZEIZA AERO
11072026,13,10.8,88,1018.2,230,19,EZEIZA AERO
11072026,14,10.2,85,1017.7,230,15,EZEIZA AERO
11072026,15,10.8,85,1017.6,250,13,EZEIZA AERO
11072026,16,11.0,85,1017.6,250,15,EZEIZA AERO
11072026,17,10.6,88,1018.0,270,13,EZEIZA AERO
11072026,18,10.0,94,1018.3,270,13,EZEIZA AERO
11072026,19,9.8,97,1019.1,270,15,EZEIZA AERO
11072026,20,9.5,99,1019.8,250,11,EZEIZA AERO
11072026,21,8.9,99,1019.5,220,4,EZEIZA AERO
11072026,22,7.6,99,1020.4,230,7,EZEIZA AERO
11072026,23,7.8,97,1020.8,220,7,EZEIZA AERO
11072026,0,20.5,90,1009.2,290,7,FORMOSA AER
11072026,1,19.8,91,1009.5,290,4,FORMOSA AER
11072026,2,20.0,83,1009.6,290,7,FORMOSA AER
11072026,3,18.2,94,1009.5,290,6,FORMOSA AER
11072026,4,17.8,93,1009.8,290,6,FORMOSA AER
11072026,5,17.1,96,1009.9,320,4,FORMOSA AER
11072026,6,16.8,96,1010.5,270,9,FORMOSA AER
11072026,7,16.6,95,1010.7,290,6,FORMOSA AER
11072026,8,16.9,100,1011.6,270,6,FORMOSA AER
11072026,9,17.1,100,1013.1,250,11,FORMOSA AER
11072026,10,17.7,100,1013.7,230,6,FORMOSA AER
11072026,11,18.1,98,1014.0,230,11,FORMOSA AER
11072026,12,19.1,94,1013.8,200,11,FORMOSA AER
11072026,13,20.2,90,1013.8,200,9,FORMOSA AER
11072026,14,21.9,84,1013.3,200,9,FORMOSA AER
11072026,15,23.1,76,1013.1,200,19,FORMOSA AER
11072026,16,22.6,79,1013.5,200,9,FORMOSA AER
11072026,17,23.1,73,1013.9,180,20,FORMOSA AER
11072026,18,22.1,73,1014.3,200,11,FORMOSA AER
11072026,19,20.5,71,1014.7,230,11,FORMOSA AER
11072026,20,18.8,85,1015.4,200,13,FORMOSA AER
11072026,21,18.0,83,1016.3,230,7,FORMOSA AER
11072026,22,17.3,82,1016.8,210,13,FORMOSA AER
11072026,23,15.8,84,1017.3,230,11,FORMOSA AER
11072026,6,7.3,99,1020.7,200,11,GENERAL PIC
11072026,7,7.3,99,1020.9,180,6,GENERAL PIC
11072026,8,7.1,99,1021.9,200,7,GENERAL PIC
11072026,9,7.2,99,1022.8,230,9,GENERAL PIC
11072026,10,7.5,99,1023.4,230,11,GENERAL PIC
11072026,11,8.5,94,1024.0,200,15,GENERAL PIC
11072026,12,8.9,90,1024.2,200,17,GENERAL PIC
11072026,13,10.1,82,1023.4,200,19,GENERAL PIC
11072026,14,10.1,76,1023.1,200,20,GENERAL PIC
11072026,15,9.8,75,1023.2,200,20,GENERAL PIC
11072026,16,9.6,73,1023.0,200,20,GENERAL PIC
11072026,17,9.1,75,1022.9,200,13,GENERAL PIC
11072026,18,9.1,73,1022.7,200,11,GENERAL PIC
11072026,19,8.3,81,1022.9,200,7,GENERAL PIC
11072026,20,7.9,86,1023.3,200,9,GENERAL PIC
11072026,21,8.1,85,1024.1,180,9,GENERAL PIC
11072026,9,-6.0,85,1018.8,0,0,GOBERNADOR
11072026,15,2.0,56,,0,0,GOBERNADOR
11072026,21,-5.0,80,1018.4,0,0,GOBERNADOR
11072026,6,8.7,100,1015.1,0,0,GUALEGUAYCH
11072026,7,8.4,100,1015.4,200,6,GUALEGUAYCH
11072026,8,9.0,100,1016.4,200,6,GUALEGUAYCH
11072026,9,9.4,100,1017.2,200,6,GUALEGUAYCH
11072026,10,10.2,100,1017.7,200,7,GUALEGUAYCH
11072026,11,10.8,100,1018.1,200,7,GUALEGUAYCH
11072026,12,11.8,83,1018.3,200,9,GUALEGUAYCH
11072026,13,11.8,83,1018.3,200,9,GUALEGUAYCH
11072026,14,13.0,84,1017.7,230,11,GUALEGUAYCH
11072026,15,14.4,76,1017.6,230,11,GUALEGUAYCH
11072026,16,14.6,72,1017.6,230,9,GUALEGUAYCH
11072026,17,14.4,76,1017.6,230,7,GUALEGUAYCH
11072026,18,12.8,79,1018.0,230,7,GUALEGUAYCH
11072026,19,12.2,79,1019.2,230,11,GUALEGUAYCH
11072026,20,10.4,85,1019.0,230,7,GUALEGUAYCH
11072026,21,10.0,87,1019.0,230,4,GUALEGUAYCH
11072026,0,17.6,96,1011.3,90,9,IGUAZU AERO
11072026,1,17.4,97,1010.8,70,15,IGUAZU AERO
11072026,2,17.2,97,1010.8,70,9,IGUAZU AERO
11072026,3,17.0,98,1010.6,70,11,IGUAZU AERO
11072026,4,16.8,98,1010.0,70,11,IGUAZU AERO
11072026,5,16.6,99,1010.8,360,11,IGUAZU AERO
11072026,6,17.2,99,1010.6,90,11,IGUAZU AERO
11072026,7,17.4,98,1010.7,90,9,IGUAZU AERO
11072026,8,17.4,98,1011.4,70,7,IGUAZU AERO
11072026,9,18.3,97,1011.9,50,9,IGUAZU AERO
11072026,10,19.0,96,1013.0,0,0,IGUAZU AERO
11072026,11,19.4,96,1013.1,270,6,IGUAZU AERO
11072026,12,19.6,97,1013.2,990,4,IGUAZU AERO
11072026,13,21.0,93,1012.8,320,4,IGUAZU AERO
11072026,14,21.6,91,1011.9,320,6,IGUAZU AERO
11072026,15,23.0,87,1011.0,50,4,IGUAZU AERO
11072026,16,23.1,82,1010.8,340,6,IGUAZU AERO
11072026,17,22.8,85,1011.4,320,4,IGUAZU AERO
11072026,18,22.0,91,1011.7,990,2,IGUAZU AERO
11072026,19,21.0,93,1012.1,0,0,IGUAZU AERO
11072026,20,20.5,95,1012.9,270,4,IGUAZU AERO
11072026,21,20.3,92,1013.1,290,13,IGUAZU AERO
11072026,22,19.3,95,1013.6,270,13,IGUAZU AERO
11072026,23,19.1,97,1014.2,250,7,IGUAZU AERO
11072026,9,17.2,100,1011.8,180,11,ITUZAINGO
11072026,12,20.6,91,1011.1,90,9,ITUZAINGO
11072026,15,22.8,75,1011.4,180,15,ITUZAINGO
11072026,18,20.0,78,1013.5,180,17,ITUZAINGO
11072026,21,15.8,84,1014.8,0,0,ITUZAINGO
11072026,9,1.1,79,,0,0,JACHAL
11072026,12,10.3,52,,90,9,JACHAL
11072026,15,14.1,45,,140,9,JACHAL
11072026,18,13.3,48,,140,15,JACHAL
11072026,21,8.1,70,,0,0,JACHAL
11072026,0,14.8,86,,0,0,JUJUY AERO
11072026,1,15.2,83,,320,6,JUJUY AERO
11072026,2,15.0,85,,320,6,JUJUY AERO
11072026,3,15.0,83,,0,0,JUJUY AERO
11072026,4,14.2,87,,320,9,JUJUY AERO
11072026,5,13.0,89,,290,7,JUJUY AERO
11072026,6,13.0,93,,110,6,JUJUY AERO
11072026,7,13.6,89,,0,0,JUJUY AERO
11072026,8,14.4,85,,170,11,JUJUY AERO
11072026,9,14.8,80,,180,11,JUJUY AERO
11072026,10,15.6,77,,250,7,JUJUY AERO
11072026,11,17.2,72,,290,9,JUJUY AERO
11072026,12,18.4,66,,990,7,JUJUY AERO
11072026,13,19.6,62,,210,7,JUJUY AERO
11072026,14,21.0,57,,990,4,JUJUY AERO
11072026,15,21.7,54,,990,7,JUJUY AERO
11072026,16,22.8,50,,990,4,JUJUY AERO
11072026,17,22.4,55,,990,7,JUJUY AERO
11072026,18,20.4,66,,60,9,JUJUY AERO
11072026,19,18.6,78,,80,4,JUJUY AERO
11072026,20,17.3,84,,170,11,JUJUY AERO
11072026,21,16.6,84,,190,6,JUJUY AERO
11072026,22,16.8,72,,200,11,JUJUY AERO
11072026,23,16.5,76,,200,11,JUJUY AERO
11072026,9,12.6,94,,90,4,JUJUY U N
11072026,15,20.4,59,,140,9,JUJUY U N
11072026,21,17.2,80,,90,4,JUJUY U N
11072026,0,7.4,96,1017.6,160,6,JUNIN AERO
11072026,1,7.6,96,1018.1,230,2,JUNIN AERO
11072026,2,5.5,97,1017.3,320,7,JUNIN AERO
11072026,3,5.9,97,1017.4,230,6,JUNIN AERO
11072026,4,7.5,97,1017.9,230,9,JUNIN AERO
11072026,5,8.3,96,1018.4,200,11,JUNIN AERO
11072026,6,8.4,99,1018.4,230,13,JUNIN AERO
11072026,7,8.0,97,1018.9,180,13,JUNIN AERO
11072026,8,7.9,97,1019.2,200,7,JUNIN AERO
11072026,9,8.0,97,1020.4,200,13,JUNIN AERO
11072026,10,8.2,97,1020.9,230,13,JUNIN AERO
11072026,11,8.7,94,1021.5,230,19,JUNIN AERO
11072026,12,9.9,85,1021.6,230,13,JUNIN AERO
11072026,13,10.4,82,1021.1,230,17,JUNIN AERO
11072026,14,11.0,77,1020.4,230,17,JUNIN AERO
11072026,15,11.2,76,1020.4,230,19,JUNIN AERO
11072026,16,10.8,73,1020.6,230,17,JUNIN AERO
11072026,17,10.7,76,1021.0,230,13,JUNIN AERO
11072026,18,10.2,74,1021.0,230,15,JUNIN AERO
11072026,19,9.8,77,1021.2,200,11,JUNIN AERO
11072026,20,9.5,80,1021.5,230,11,JUNIN AERO
11072026,21,8.3,85,1022.0,230,7,JUNIN AERO
11072026,22,8.4,84,1022.8,230,9,JUNIN AERO
11072026,23,8.6,85,1023.1,230,9,JUNIN AERO
11072026,0,9.8,99,1016.9,180,9,LA PLATA AE
11072026,1,9.5,97,1017.2,200,7,LA PLATA AE
11072026,2,8.6,100,1017.2,200,6,LA PLATA AE
11072026,3,7.6,100,1016.1,180,6,LA PLATA AE
11072026,4,7.6,100,1016.7,0,0,LA PLATA AE
11072026,5,7.9,99,1016.3,250,6,LA PLATA AE
11072026,6,8.1,97,1016.9,230,6,LA PLATA AE
11072026,7,8.3,97,1017.5,230,6,LA PLATA AE
11072026,8,8.6,99,1018.0,230,4,LA PLATA AE
11072026,9,8.7,100,1018.3,270,4,LA PLATA AE
11072026,10,9.9,100,1018.5,270,6,LA PLATA AE
11072026,11,10.8,97,1018.8,250,7,LA PLATA AE
11072026,12,11.1,91,1018.8,250,11,LA PLATA AE
11072026,13,10.2,92,1018.3,230,11,LA PLATA AE
11072026,14,10.3,91,1017.5,230,9,LA PLATA AE
11072026,15,12.1,85,1017.2,250,11,LA PLATA AE
11072026,16,11.2,92,1017.4,270,9,LA PLATA AE
11072026,17,11.5,96,1017.6,270,7,LA PLATA AE
11072026,18,10.5,99,1018.3,210,11,LA PLATA AE
11072026,19,10.1,100,1018.8,230,6,LA PLATA AE
11072026,20,10.3,99,1019.6,240,9,LA PLATA AE
11072026,21,10.0,99,1019.9,180,11,LA PLATA AE
11072026,22,8.6,99,1020.0,200,11,LA PLATA AE
11072026,23,7.5,100,1020.6,200,11,LA PLATA AE
11072026,9,1.0,53,,0,0,LA QUIACA O
11072026,10,5.2,53,,50,4,LA QUIACA O
11072026,11,8.2,51,,0,0,LA QUIACA O
11072026,12,11.5,47,,230,9,LA QUIACA O
11072026,13,13.6,43,,230,15,LA QUIACA O
11072026,14,14.7,41,,230,15,LA QUIACA O
11072026,15,15.8,40,,0,0,LA QUIACA O
11072026,16,17.0,36,,270,4,LA QUIACA O
11072026,17,17.0,38,,0,0,LA QUIACA O
11072026,18,16.7,38,,0,0,LA QUIACA O
11072026,19,14.0,35,,0,0,LA QUIACA O
11072026,20,11.1,42,,0,0,LA QUIACA O
11072026,21,9.0,47,,50,4,LA QUIACA O
11072026,0,10.3,78,1015.7,270,9,LA RIOJA AE
11072026,1,9.2,81,1015.5,290,13,LA RIOJA AE
11072026,2,8.4,82,1016.1,290,13,LA RIOJA AE
11072026,3,9.1,77,1017.0,270,7,LA RIOJA AE
11072026,4,8.6,79,1017.1,250,4,LA RIOJA AE
11072026,5,8.9,83,1016.3,200,13,LA RIOJA AE
11072026,6,7.8,89,1017.1,270,7,LA RIOJA AE
11072026,7,7.6,92,1017.7,320,9,LA RIOJA AE
11072026,8,7.0,89,1019.5,250,7,LA RIOJA AE
11072026,9,7.0,97,1021.1,270,6,LA RIOJA AE
11072026,10,13.4,64,1021.6,320,6,LA RIOJA AE
11072026,11,14.0,60,1021.9,230,7,LA RIOJA AE
11072026,12,18.8,40,1021.5,180,4,LA RIOJA AE
11072026,13,19.8,37,1020.7,230,7,LA RIOJA AE
11072026,14,20.4,41,1019.6,140,4,LA RIOJA AE
11072026,15,20.8,42,1018.8,140,4,LA RIOJA AE
11072026,16,21.4,38,1018.5,140,4,LA RIOJA AE
11072026,17,21.8,39,1018.0,140,4,LA RIOJA AE
11072026,18,21.7,45,1018.2,140,4,LA RIOJA AE
11072026,19,17.3,64,1019.1,0,0,LA RIOJA AE
11072026,20,14.5,70,1020.2,0,0,LA RIOJA AE
11072026,21,14.4,65,1021.2,230,13,LA RIOJA AE
11072026,22,14.0,67,1021.2,230,7,LA RIOJA AE
11072026,23,13.4,67,1021.7,230,7,LA RIOJA AE
11072026,6,7.9,90,1019.6,180,4,LABOULAYE A
11072026,7,7.9,90,1021.3,0,0,LABOULAYE A
11072026,8,7.9,93,1022.3,180,4,LABOULAYE A
11072026,9,7.9,93,1022.9,180,4,LABOULAYE A
11072026,10,8.3,88,1023.8,180,4,LABOULAYE A
11072026,11,9.1,86,1024.2,230,4,LABOULAYE A
11072026,12,10.1,76,1024.2,230,9,LABOULAYE A
11072026,13,10.7,74,1024.2,230,9,LABOULAYE A
11072026,14,11.7,68,1023.7,230,15,LABOULAYE A
11072026,15,12.1,64,1023.7,230,9,LABOULAYE A
11072026,16,12.1,64,1023.7,230,15,LABOULAYE A
11072026,17,11.5,66,1023.7,230,15,LABOULAYE A
11072026,18,10.9,65,1023.8,230,15,LABOULAYE A
11072026,19,10.3,74,1023.8,180,4,LABOULAYE A
11072026,20,10.1,74,1023.8,180,4,LABOULAYE A
11072026,21,9.5,78,1024.6,0,0,LABOULAYE A
11072026,6,8.6,100,1016.7,0,0,LAS FLORES
11072026,9,8.9,100,1017.9,0,0,LAS FLORES
11072026,12,10.9,94,1019.1,180,4,LAS FLORES
11072026,15,11.0,95,1017.8,180,4,LAS FLORES
11072026,18,10.4,88,1018.8,180,7,LAS FLORES
11072026,21,9.2,96,1020.6,0,0,LAS FLORES
11072026,9,16.6,92,1015.3,230,6,LAS LOMITAS
11072026,12,21.6,72,1016.0,180,11,LAS LOMITAS
11072026,15,25.2,60,1014.4,180,15,LAS LOMITAS
11072026,18,24.0,63,1014.3,230,9,LAS LOMITAS
11072026,21,21.0,70,1017.4,180,4,LAS LOMITAS
11072026,6,5.4,51,,320,6,MALARGUE AE
11072026,7,4.8,58,,270,6,MALARGUE AE
11072026,8,.2,62,,140,7,MALARGUE AE
11072026,9,-1.8,69,,320,6,MALARGUE AE
11072026,10,-1.2,73,,50,6,MALARGUE AE
11072026,11,.8,73,,50,6,MALARGUE AE
11072026,12,1.8,84,,360,7,MALARGUE AE
11072026,13,1.4,84,,360,7,MALARGUE AE
11072026,14,3.6,62,,360,7,MALARGUE AE
11072026,15,6.6,64,,20,6,MALARGUE AE
11072026,16,7.8,62,,20,6,MALARGUE AE
11072026,17,7.9,62,,140,6,MALARGUE AE
11072026,18,7.6,64,,90,6,MALARGUE AE
11072026,19,6.1,72,,0,0,MALARGUE AE
11072026,20,5.3,74,,250,6,MALARGUE AE
11072026,21,3.6,74,,320,6,MALARGUE AE
11072026,0,.8,100,,0,0,MAQUINCHAO
11072026,3,.6,100,,0,0,MAQUINCHAO
11072026,6,.4,94,,0,0,MAQUINCHAO
11072026,7,.5,97,,0,0,MAQUINCHAO
11072026,8,.6,98,,0,0,MAQUINCHAO
11072026,9,.2,98,,0,0,MAQUINCHAO
11072026,10,.1,96,,0,0,MAQUINCHAO
11072026,11,1.0,93,,0,0,MAQUINCHAO
11072026,12,1.8,90,,320,4,MAQUINCHAO
11072026,13,2.4,90,,0,0,MAQUINCHAO
11072026,14,3.4,81,,320,4,MAQUINCHAO
11072026,15,3.6,82,,320,4,MAQUINCHAO
11072026,16,3.6,82,,270,4,MAQUINCHAO
11072026,17,3.6,85,,270,4,MAQUINCHAO
11072026,18,3.0,87,,270,4,MAQUINCHAO
11072026,19,1.4,93,,270,4,MAQUINCHAO
11072026,20,1.0,100,,270,4,MAQUINCHAO
11072026,21,1.8,93,,270,4,MAQUINCHAO
11072026,0,9.6,100,1019.4,110,15,MAR DEL PLA
11072026,1,9.6,100,1019.3,110,15,MAR DEL PLA
11072026,2,9.2,100,1019.1,110,11,MAR DEL PLA
11072026,3,9.2,99,1018.8,110,13,MAR DEL PLA
11072026,4,9.0,97,1018.2,110,15,MAR DEL PLA
11072026,5,9.2,97,1018.2,110,15,MAR DEL PLA
11072026,6,8.9,99,1018.2,110,15,MAR DEL PLA
11072026,7,9.2,99,1018.6,140,11,MAR DEL PLA
11072026,8,9.2,99,1019.2,140,17,MAR DEL PLA
11072026,9,9.0,97,1019.5,140,19,MAR DEL PLA
11072026,10,9.4,96,1019.9,140,20,MAR DEL PLA
11072026,11,9.8,97,1020.0,140,22,MAR DEL PLA
11072026,12,10.4,91,1019.9,140,19,MAR DEL PLA
11072026,13,10.5,89,1019.3,140,24,MAR DEL PLA
11072026,14,10.3,88,1018.9,140,28,MAR DEL PLA
11072026,15,10.4,86,1018.8,140,26,MAR DEL PLA
11072026,16,10.0,87,1018.6,140,24,MAR DEL PLA
11072026,17,9.8,85,1019.1,180,24,MAR DEL PLA
11072026,18,9.0,88,1019.2,160,17,MAR DEL PLA
11072026,19,9.1,88,1020.0,200,19,MAR DEL PLA
11072026,20,8.9,90,1020.6,200,11,MAR DEL PLA
11072026,21,8.0,90,1020.9,180,17,MAR DEL PLA
11072026,22,8.6,95,1021.1,180,19,MAR DEL PLA
11072026,23,8.3,96,1021.2,200,9,MAR DEL PLA
11072026,9,7.6,97,1020.9,200,28,MARCOS JUAR
11072026,10,7.8,97,1021.5,200,28,MARCOS JUAR
11072026,11,8.0,95,1022.1,200,28,MARCOS JUAR
11072026,12,8.2,92,1022.4,230,26,MARCOS JUAR
11072026,13,9.6,85,1022.4,200,28,MARCOS JUAR
11072026,14,10.4,80,1021.7,200,24,MARCOS JUAR
11072026,15,11.0,78,1021.4,230,20,MARCOS JUAR
11072026,16,11.5,73,1021.0,230,22,MARCOS JUAR
11072026,17,11.7,73,1021.6,200,22,MARCOS JUAR
11072026,18,11.6,74,1021.7,230,15,MARCOS JUAR
11072026,19,11.1,74,1021.9,230,17,MARCOS JUAR
11072026,20,10.4,77,1022.3,230,11,MARCOS JUAR
11072026,21,9.8,80,1023.0,230,11,MARCOS JUAR
11072026,8,8.8,100,1017.6,140,7,MARIANO MOR
11072026,9,9.0,100,1018.3,180,6,MARIANO MOR
11072026,10,9.4,97,1018.5,180,4,MARIANO MOR
11072026,11,10.0,97,1018.9,230,6,MARIANO MOR
11072026,12,11.0,90,1018.7,230,19,MARIANO MOR
11072026,13,11.8,83,1018.4,230,19,MARIANO MOR
11072026,14,11.2,85,1017.9,230,17,MARIANO MOR
11072026,15,11.0,95,1017.7,230,17,MARIANO MOR
11072026,16,11.0,95,1017.9,230,17,MARIANO MOR
11072026,17,10.4,88,1018.3,230,15,MARIANO MOR
11072026,18,10.4,85,1018.8,230,15,MARIANO MOR
11072026,19,10.0,82,1019.5,230,15,MARIANO MOR
11072026,20,9.6,92,1019.9,230,20,MARIANO MOR
11072026,21,9.4,97,1019.9,230,11,MARIANO MOR
11072026,0,5.8,77,1017.8,270,6,MENDOZA AER
11072026,1,5.6,76,1017.3,270,9,MENDOZA AER
11072026,2,3.8,84,1018.5,90,11,MENDOZA AER
11072026,3,5.0,79,1018.6,230,6,MENDOZA AER
11072026,4,5.2,82,1019.6,230,6,MENDOZA AER
11072026,5,5.0,85,1019.7,230,6,MENDOZA AER
11072026,6,3.4,80,1021.3,230,4,MENDOZA AER
11072026,7,2.8,90,1022.3,90,6,MENDOZA AER
11072026,8,2.8,87,1023.8,140,9,MENDOZA AER
11072026,9,4.6,88,1025.1,180,9,MENDOZA AER
11072026,10,5.8,85,1025.7,230,4,MENDOZA AER
11072026,11,6.4,85,1026.6,0,0,MENDOZA AER
11072026,12,7.0,83,1027.1,140,7,MENDOZA AER
11072026,13,7.4,81,1027.0,140,7,MENDOZA AER
11072026,14,7.8,81,1025.9,140,4,MENDOZA AER
11072026,15,7.8,81,1024.8,110,4,MENDOZA AER
11072026,16,8.6,77,1023.8,160,4,MENDOZA AER
11072026,17,8.8,74,1023.4,180,6,MENDOZA AER
11072026,18,9.4,70,1023.3,290,6,MENDOZA AER
11072026,19,7.6,81,1023.3,290,7,MENDOZA AER
11072026,20,5.4,85,1024.0,290,6,MENDOZA AER
11072026,21,4.6,97,1024.2,0,0,MENDOZA AER
11072026,22,4.2,95,1024.9,990,4,MENDOZA AER
11072026,23,4.7,94,1024.8,0,0,MENDOZA AER
11072026,6,3.8,88,,250,6,MENDOZA OBS
11072026,7,3.8,89,,270,6,MENDOZA OBS
11072026,8,3.6,86,,140,6,MENDOZA OBS
11072026,9,2.6,92,,30,4,MENDOZA OBS
11072026,10,4.3,88,,230,4,MENDOZA OBS
11072026,11,5.5,90,,0,0,MENDOZA OBS
11072026,12,6.0,87,,0,0,MENDOZA OBS
11072026,13,6.2,89,,0,0,MENDOZA OBS
11072026,14,6.6,88,,0,0,MENDOZA OBS
11072026,15,7.2,84,,140,4,MENDOZA OBS
11072026,16,7.7,80,,0,0,MENDOZA OBS
11072026,17,8.7,75,,0,0,MENDOZA OBS
11072026,18,7.8,80,,360,4,MENDOZA OBS
11072026,19,5.7,90,,0,0,MENDOZA OBS
11072026,20,3.5,97,,0,0,MENDOZA OBS
11072026,21,2.9,93,,250,6,MENDOZA OBS
11072026,9,14.2,92,1012.9,20,2,MERCEDES AE
11072026,12,20.3,64,1015.6,160,19,MERCEDES AE
11072026,15,22.2,54,1014.8,160,26,MERCEDES AE
11072026,18,17.9,58,1015.9,160,17,MERCEDES AE
11072026,21,13.1,77,1018.1,140,24,MERCEDES AE
11072026,0,10.8,89,1017.1,270,2,MERLO AERO
11072026,3,10.0,94,1016.6,320,4,MERLO AERO
11072026,6,8.5,86,1017.9,320,4,MERLO AERO
11072026,7,9.0,92,1018.3,320,4,MERLO AERO
11072026,8,9.1,90,1018.7,320,4,MERLO AERO
11072026,9,9.5,89,1018.7,270,4,MERLO AERO
11072026,10,9.8,87,1018.9,270,7,MERLO AERO
11072026,11,10.0,87,1019.0,270,7,MERLO AERO
11072026,12,10.2,88,1018.9,270,7,MERLO AERO
11072026,13,11.4,78,1018.9,270,19,MERLO AERO
11072026,14,11.6,79,1018.7,270,17,MERLO AERO
11072026,15,11.8,76,1018.7,270,15,MERLO AERO
11072026,16,11.6,76,1018.5,270,15,MERLO AERO
11072026,17,11.2,78,1018.6,270,15,MERLO AERO
11072026,18,11.0,76,1018.5,270,17,MERLO AERO
11072026,19,10.8,76,1019.0,270,17,MERLO AERO
11072026,20,9.6,72,1019.0,270,9,MERLO AERO
11072026,21,9.4,95,1020.1,270,6,MERLO AERO
11072026,9,12.6,91,,50,4,METAN
11072026,15,19.2,65,,50,4,METAN
11072026,21,15.0,87,,140,4,METAN
11072026,0,15.8,85,1012.1,180,13,MONTE CASER
11072026,1,16.0,84,1012.1,180,13,MONTE CASER
11072026,2,15.6,85,1012.1,180,11,MONTE CASER
11072026,3,15.6,85,1012.3,180,9,MONTE CASER
11072026,4,15.4,83,1012.6,180,19,MONTE CASER
11072026,5,14.4,87,1012.8,200,17,MONTE CASER
11072026,6,13.8,87,1012.3,200,13,MONTE CASER
11072026,7,13.2,88,1012.2,180,7,MONTE CASER
11072026,8,13.2,88,1012.7,360,7,MONTE CASER
11072026,9,12.8,91,1013.7,180,9,MONTE CASER
11072026,10,14.0,84,1014.8,200,15,MONTE CASER
11072026,11,15.8,75,1015.6,200,20,MONTE CASER
11072026,12,17.8,69,1015.8,200,20,MONTE CASER
11072026,13,19.4,59,1015.4,200,26,MONTE CASER
11072026,14,20.0,56,1015.4,200,30,MONTE CASER
11072026,15,20.2,55,1015.1,200,28,MONTE CASER
11072026,16,19.8,53,1015.4,200,31,MONTE CASER
11072026,17,19.2,55,1015.4,200,24,MONTE CASER
11072026,18,17.4,65,1016.3,200,17,MONTE CASER
11072026,19,15.0,77,1017.0,200,17,MONTE CASER
11072026,20,13.8,80,1018.2,230,28,MONTE CASER
11072026,21,12.0,86,1018.5,230,24,MONTE CASER
11072026,22,11.8,88,1018.9,230,19,MONTE CASER
11072026,23,11.0,90,1018.5,230,19,MONTE CASER
11072026,0,11.6,91,1015.8,160,11,MORON AERO
11072026,1,11.2,92,1016.0,140,6,MORON AERO
11072026,2,10.8,95,1016.1,160,7,MORON AERO
11072026,3,8.4,97,1015.3,180,2,MORON AERO
11072026,4,7.0,100,1015.5,200,9,MORON AERO
11072026,5,7.8,100,1015.5,180,11,MORON AERO
11072026,6,8.4,100,1016.4,200,15,MORON AERO
11072026,7,8.8,100,1016.9,200,11,MORON AERO
11072026,8,8.8,99,1017.5,200,9,MORON AERO
11072026,9,9.2,97,1018.0,200,9,MORON AERO
11072026,10,9.7,96,1018.1,210,11,MORON AERO
11072026,11,10.0,92,1018.5,230,9,MORON AERO
11072026,12,11.1,86,1018.4,200,19,MORON AERO
11072026,13,11.6,72,1017.8,200,24,MORON AERO
11072026,14,11.9,79,1017.3,200,20,MORON AERO
11072026,15,10.6,84,1017.4,230,22,MORON AERO
11072026,16,11.2,84,1017.4,230,19,MORON AERO
11072026,17,10.7,84,1017.6,200,17,MORON AERO
11072026,18,10.7,84,1018.1,230,17,MORON AERO
11072026,19,10.1,91,1018.7,230,19,MORON AERO
11072026,20,9.6,94,1019.5,250,17,MORON AERO
11072026,21,9.5,96,1019.0,230,15,MORON AERO
11072026,22,8.5,95,1019.8,200,7,MORON AERO
11072026,23,9.2,96,1020.3,200,9,MORON AERO
11072026,0,6.2,93,1022.6,140,6,NEUQUEN AER
11072026,1,6.1,91,1023.2,160,6,NEUQUEN AER
11072026,2,6.1,91,1023.9,110,4,NEUQUEN AER
11072026,3,5.9,90,1024.1,0,0,NEUQUEN AER
11072026,4,5.7,92,1024.2,0,0,NEUQUEN AER
11072026,5,5.6,94,1024.1,0,0,NEUQUEN AER
11072026,6,5.5,94,1024.5,0,0,NEUQUEN AER
11072026,7,5.3,99,1024.7,0,0,NEUQUEN AER
11072026,8,5.3,99,1025.3,320,4,NEUQUEN AER
11072026,9,4.7,100,1025.9,290,2,NEUQUEN AER
11072026,10,5.5,97,1026.5,270,2,NEUQUEN AER
11072026,11,6.5,93,1026.7,230,6,NEUQUEN AER
11072026,12,7.1,87,1026.4,290,4,NEUQUEN AER
11072026,13,7.4,86,1025.6,230,4,NEUQUEN AER
11072026,14,8.2,84,1024.6,290,6,NEUQUEN AER
11072026,15,8.8,71,1023.2,360,4,NEUQUEN AER
11072026,16,8.2,81,1023.2,230,4,NEUQUEN AER
11072026,17,8.2,81,1023.4,320,4,NEUQUEN AER
11072026,18,8.1,82,1023.4,320,2,NEUQUEN AER
11072026,19,7.9,83,1023.5,20,4,NEUQUEN AER
11072026,20,7.3,87,1023.6,0,0,NEUQUEN AER
11072026,21,6.8,92,1024.3,0,0,NEUQUEN AER
11072026,22,6.4,91,1024.2,0,0,NEUQUEN AER
11072026,23,5.5,95,1024.3,0,0,NEUQUEN AER
11072026,9,7.7,97,1020.3,230,7,NUEVE DE JU
11072026,12,10.3,84,1021.1,230,7,NUEVE DE JU
11072026,15,11.1,77,1019.9,230,15,NUEVE DE JU
11072026,18,10.3,84,1021.0,230,11,NUEVE DE JU
11072026,21,9.3,95,1021.8,230,11,NUEVE DE JU
11072026,9,18.8,92,1013.0,90,4,OBERA
11072026,15,24.8,78,1009.0,90,4,OBERA
11072026,9,7.9,100,1019.6,180,6,OLAVARRIA A
11072026,10,8.6,97,1020.0,180,13,OLAVARRIA A
11072026,11,8.8,96,1020.4,180,11,OLAVARRIA A
11072026,12,9.2,100,1020.3,140,13,OLAVARRIA A
11072026,13,9.4,99,1020.0,140,15,OLAVARRIA A
11072026,14,10.4,94,1019.4,140,15,OLAVARRIA A
11072026,15,10.6,89,1019.3,140,20,OLAVARRIA A
11072026,21,6.6,95,1022.0,140,20,OLAVARRIA A
11072026,6,18.4,82,1011.7,180,9,ORAN AERO
11072026,7,18.6,77,1012.8,180,9,ORAN AERO
11072026,8,18.0,79,1015.0,180,9,ORAN AERO
11072026,9,17.4,80,1016.9,140,9,ORAN AERO
11072026,10,16.0,94,1017.9,90,4,ORAN AERO
11072026,11,16.4,90,1018.9,360,4,ORAN AERO
11072026,12,17.6,82,1018.2,360,9,ORAN AERO
11072026,13,18.8,76,1017.4,360,9,ORAN AERO
11072026,14,19.6,73,1016.5,320,9,ORAN AERO
11072026,15,20.6,70,1015.4,360,15,ORAN AERO
11072026,16,20.6,72,1015.0,360,9,ORAN AERO
11072026,17,20.9,73,1015.1,320,9,ORAN AERO
11072026,18,20.2,76,1015.4,320,9,ORAN AERO
11072026,19,18.4,87,1015.7,320,9,ORAN AERO
11072026,20,17.0,92,1016.7,360,4,ORAN AERO
11072026,21,17.8,90,1017.8,320,9,ORAN AERO
11072026,0,11.9,91,1015.5,140,15,PARANA AERO
11072026,1,11.5,92,1015.5,140,13,PARANA AERO
11072026,2,10.9,94,1015.7,130,4,PARANA AERO
11072026,3,10.1,94,1015.5,180,11,PARANA AERO
11072026,4,9.6,95,1014.9,180,11,PARANA AERO
11072026,5,9.3,95,1014.6,180,11,PARANA AERO
11072026,6,8.4,96,1015.5,180,17,PARANA AERO
11072026,7,8.2,100,1016.1,180,17,PARANA AERO
11072026,8,8.0,100,1016.0,160,13,PARANA AERO
11072026,9,8.0,100,1018.0,180,17,PARANA AERO
11072026,10,7.7,100,1018.8,180,19,PARANA AERO
11072026,11,7.7,100,1020.2,180,19,PARANA AERO
11072026,12,8.0,99,1020.4,180,20,PARANA AERO
11072026,13,8.6,99,1020.9,180,15,PARANA AERO
11072026,14,9.4,95,1020.0,180,19,PARANA AERO
11072026,15,9.8,92,1020.4,200,19,PARANA AERO
11072026,16,10.3,89,1019.7,200,17,PARANA AERO
11072026,17,10.4,88,1020.1,200,17,PARANA AERO
11072026,18,10.2,90,1020.5,180,15,PARANA AERO
11072026,19,9.0,92,1020.6,230,7,PARANA AERO
11072026,20,8.9,92,1021.6,230,9,PARANA AERO
11072026,21,8.9,95,1021.6,230,9,PARANA AERO
11072026,22,9.6,91,1021.2,230,13,PARANA AERO
11072026,23,9.4,92,1022.2,180,15,PARANA AERO
11072026,9,.5,96,1023.1,0,0,PASO DE IND
11072026,12,4.0,83,,270,15,PASO DE IND
11072026,15,6.2,73,,270,17,PASO DE IND
11072026,18,5.1,81,,270,11,PASO DE IND
11072026,21,3.6,80,1020.7,270,19,PASO DE IND
11072026,6,15.1,89,1012.1,180,13,PASO DE LOS
11072026,7,14.0,93,1012.4,160,7,PASO DE LOS
11072026,8,13.2,96,1013.1,200,9,PASO DE LOS
11072026,9,14.0,93,1012.6,50,4,PASO DE LOS
11072026,10,16.4,84,1014.3,180,13,PASO DE LOS
11072026,11,16.5,83,1014.9,200,13,PASO DE LOS
11072026,12,17.9,76,1015.5,200,20,PASO DE LOS
11072026,13,19.6,69,1015.0,200,17,PASO DE LOS
11072026,14,20.4,64,1014.9,200,26,PASO DE LOS
11072026,15,21.2,59,1014.7,200,13,PASO DE LOS
11072026,16,20.8,55,1014.8,200,13,PASO DE LOS
11072026,17,19.8,59,1015.2,200,11,PASO DE LOS
11072026,18,18.0,70,1015.6,230,9,PASO DE LOS
11072026,19,15.9,76,1016.4,200,17,PASO DE LOS
11072026,20,14.8,80,1017.1,200,20,PASO DE LOS
11072026,21,14.2,83,1017.7,180,20,PASO DE LOS
11072026,9,7.6,97,1021.5,230,13,PEHUAJO AER
11072026,10,7.8,94,1021.9,230,15,PEHUAJO AER
11072026,11,8.6,83,1022.6,180,19,PEHUAJO AER
11072026,12,8.8,81,1022.4,230,22,PEHUAJO AER
11072026,13,9.4,79,1021.9,230,17,PEHUAJO AER
11072026,14,10.1,81,1021.5,200,20,PEHUAJO AER
11072026,15,10.5,81,1021.2,230,22,PEHUAJO AER
11072026,16,10.9,79,1021.3,230,15,PEHUAJO AER
11072026,17,10.8,80,1021.8,230,17,PEHUAJO AER
11072026,18,10.2,85,1021.3,230,11,PEHUAJO AER
11072026,19,8.0,86,1021.8,230,6,PEHUAJO AER
11072026,20,8.4,85,1022.3,230,11,PEHUAJO AER
11072026,21,8.6,85,1023.0,230,13,PEHUAJO AER
11072026,9,-4.2,98,1021.7,0,0,PERITO MORE
11072026,10,-3.6,98,1021.6,0,0,PERITO MORE
11072026,11,-2.2,92,1021.2,0,0,PERITO MORE
11072026,12,-.1,85,1020.8,0,0,PERITO MORE
11072026,13,1.2,75,1020.3,0,0,PERITO MORE
11072026,14,2.0,68,1019.2,0,0,PERITO MORE
11072026,15,2.9,56,1018.6,0,0,PERITO MORE
11072026,16,3.3,85,1017.7,0,0,PERITO MORE
11072026,17,3.9,65,1017.3,0,0,PERITO MORE
11072026,18,2.3,69,1017.2,0,0,PERITO MORE
11072026,19,-1.6,88,1018.2,0,0,PERITO MORE
11072026,20,-2.9,91,1018.6,0,0,PERITO MORE
11072026,21,-2.6,92,1019.0,0,0,PERITO MORE
11072026,9,5.9,95,1021.7,180,15,PIGUE AERO
11072026,15,9.1,84,1021.6,180,15,PIGUE AERO
11072026,21,3.7,93,1024.4,180,9,PIGUE AERO
11072026,6,6.0,91,1018.5,0,0,PILAR OBSER
11072026,7,6.2,91,1019.1,230,4,PILAR OBSER
11072026,8,5.0,94,1021.0,140,7,PILAR OBSER
11072026,9,6.0,94,1022.2,0,0,PILAR OBSER
11072026,10,6.8,94,1023.2,140,4,PILAR OBSER
11072026,11,7.8,92,1024.1,140,11,PILAR OBSER
11072026,12,8.2,95,1024.3,140,13,PILAR OBSER
11072026,13,10.2,92,1024.0,180,11,PILAR OBSER
11072026,14,10.0,75,1023.4,140,22,PILAR OBSER
11072026,15,10.6,75,1022.9,180,19,PILAR OBSER
11072026,16,11.2,74,1022.7,140,22,PILAR OBSER
11072026,17,10.8,73,1023.1,140,22,PILAR OBSER
11072026,18,9.4,74,1023.3,140,19,PILAR OBSER
11072026,19,8.6,81,1023.8,140,13,PILAR OBSER
11072026,20,8.4,81,1024.5,140,19,PILAR OBSER
11072026,21,8.0,81,1024.7,140,9,PILAR OBSER
11072026,0,19.9,95,1009.7,90,7,POSADAS AER
11072026,1,19.3,95,1009.2,70,4,POSADAS AER
11072026,2,19.0,96,1009.2,90,4,POSADAS AER
11072026,3,18.7,97,1009.0,110,6,POSADAS AER
11072026,4,18.5,98,1009.3,110,4,POSADAS AER
11072026,5,18.5,98,1009.5,90,4,POSADAS AER
11072026,6,18.1,98,1009.4,70,4,POSADAS AER
11072026,7,17.9,98,1010.0,0,0,POSADAS AER
11072026,8,17.7,98,1010.6,0,0,POSADAS AER
11072026,9,18.4,98,1011.4,200,6,POSADAS AER
11072026,10,19.2,100,1012.2,200,11,POSADAS AER
11072026,11,19.7,96,1012.5,180,11,POSADAS AER
11072026,12,21.4,92,1012.1,90,7,POSADAS AER
11072026,13,21.2,92,1011.8,20,6,POSADAS AER
11072026,14,22.3,85,1011.1,320,11,POSADAS AER
11072026,15,20.9,90,1011.6,250,19,POSADAS AER
11072026,16,22.1,81,1011.7,200,11,POSADAS AER
11072026,17,22.2,69,1012.6,180,19,POSADAS AER
11072026,18,21.7,70,1013.0,200,13,POSADAS AER
11072026,19,19.3,76,1014.1,180,11,POSADAS AER
11072026,20,17.8,81,1014.6,180,11,POSADAS AER
11072026,21,17.1,80,1015.1,180,13,POSADAS AER
11072026,22,16.5,82,1015.6,180,11,POSADAS AER
11072026,23,15.4,86,1016.3,180,9,POSADAS AER
11072026,0,17.4,86,1010.9,250,6,PRESIDENCIA
,,,,,,ÑA A,ERO
,,,,,,,
11072026,3,16.4,90,1011.0,230,11,PRESIDENCIA
,,,,,,ÑA A,ERO
,,,,,,,
11072026,6,16.5,89,1012.0,200,9,PRESIDENCIA
,,,,,,ÑA A,ERO
,,,,,,,
11072026,7,16.1,87,1012.9,230,13,PRESIDENCIA
,,,,,,ÑA A,ERO
,,,,,,,
11072026,8,17.0,86,1013.8,200,13,PRESIDENCIA
,,,,,,ÑA A,ERO
,,,,,,,
11072026,9,17.2,85,1015.3,200,9,PRESIDENCIA
,,,,,,ÑA A,ERO
,,,,,,,
11072026,10,18.5,79,1015.9,200,11,PRESIDENCIA
,,,,,,ÑA A,ERO
,,,,,,,
11072026,11,20.7,68,1016.1,200,17,PRESIDENCIA
,,,,,,ÑA A,ERO
,,,,,,,
11072026,12,22.3,62,1015.9,200,13,PRESIDENCIA
,,,,,,ÑA A,ERO
,,,,,,,
11072026,13,23.9,54,1015.8,200,22,PRESIDENCIA
,,,,,,ÑA A,ERO
,,,,,,,
11072026,14,24.0,51,1015.4,200,24,PRESIDENCIA
,,,,,,ÑA A,ERO
,,,,,,,
11072026,15,24.0,50,1014.8,200,19,PRESIDENCIA
,,,,,,ÑA A,ERO
,,,,,,,
11072026,16,23.9,48,1015.0,160,17,PRESIDENCIA
,,,,,,ÑA A,ERO
,,,,,,,
11072026,17,22.9,52,1015.5,200,20,PRESIDENCIA
,,,,,,ÑA A,ERO
,,,,,,,
11072026,18,20.8,58,1016.2,200,19,PRESIDENCIA
,,,,,,ÑA A,ERO
,,,,,,,
11072026,19,18.3,68,1016.7,200,9,PRESIDENCIA
,,,,,,ÑA A,ERO
,,,,,,,
11072026,20,16.9,68,1017.3,200,11,PRESIDENCIA
,,,,,,ÑA A,ERO
,,,,,,,
11072026,21,16.3,69,1018.0,200,13,PRESIDENCIA
,,,,,,ÑA A,ERO
,,,,,,,
11072026,9,1.6,89,1021.8,360,9,PUERTO DESE
11072026,15,7.5,79,,360,33,PUERTO DESE
11072026,21,4.0,93,1018.0,360,15,PUERTO DESE
11072026,6,3.9,93,1024.3,180,7,PUERTO MADR
11072026,7,3.7,93,1024.4,230,7,PUERTO MADR
11072026,8,3.1,93,1024.8,230,7,PUERTO MADR
11072026,9,2.9,95,1025.0,230,6,PUERTO MADR
11072026,10,3.4,93,1024.9,0,0,PUERTO MADR
11072026,11,5.7,92,1024.7,360,4,PUERTO MADR
11072026,12,7.6,92,1024.2,360,11,PUERTO MADR
11072026,13,9.4,75,1023.4,350,15,PUERTO MADR
11072026,14,10.6,66,1022.8,320,17,PUERTO MADR
11072026,15,10.6,59,1022.2,320,19,PUERTO MADR
11072026,16,10.8,57,1021.7,360,15,PUERTO MADR
11072026,17,10.4,61,1021.9,340,15,PUERTO MADR
11072026,18,8.4,71,1021.8,340,11,PUERTO MADR
11072026,19,6.6,77,1021.9,340,15,PUERTO MADR
11072026,20,5.8,82,1022.0,340,17,PUERTO MADR
11072026,21,5.4,88,1022.1,340,19,PUERTO MADR
11072026,22,4.8,91,1022.5,340,19,PUERTO MADR
11072026,23,4.6,90,1022.0,340,19,PUERTO MADR
11072026,9,9.0,100,1017.2,290,9,PUNTA INDIO
11072026,10,9.6,100,1017.5,300,9,PUNTA INDIO
11072026,11,10.4,90,1017.8,270,13,PUNTA INDIO
11072026,12,10.6,92,1017.6,270,17,PUNTA INDIO
11072026,13,10.6,92,1016.9,280,17,PUNTA INDIO
11072026,14,12.4,95,1016.0,300,19,PUNTA INDIO
11072026,15,13.2,86,1015.5,270,19,PUNTA INDIO
11072026,16,12.4,97,1016.1,230,33,PUNTA INDIO
11072026,17,11.4,95,1016.6,210,28,PUNTA INDIO
11072026,18,11.0,94,1017.0,220,22,PUNTA INDIO
11072026,19,10.6,92,1017.7,230,22,PUNTA INDIO
11072026,20,10.0,100,1018.5,250,24,PUNTA INDIO
11072026,21,9.6,100,1019.0,250,26,PUNTA INDIO
11072026,6,9.4,95,1017.1,0,0,RAFAELA AER
11072026,9,8.3,100,1019.1,180,9,RAFAELA AER
11072026,12,9.2,97,1020.9,180,24,RAFAELA AER
11072026,15,9.8,90,1020.8,180,24,RAFAELA AER
11072026,18,9.3,93,1020.8,180,15,RAFAELA AER
11072026,21,8.2,95,1021.9,180,15,RAFAELA AER
11072026,0,17.8,81,1011.8,180,15,RECONQUISTA
11072026,1,17.4,84,1012.2,180,9,RECONQUISTA
11072026,2,17.1,85,1012.5,180,15,RECONQUISTA
11072026,3,16.4,91,1012.8,180,15,RECONQUISTA
11072026,4,16.3,82,1013.5,180,24,RECONQUISTA
11072026,5,15.5,84,1013.7,180,24,RECONQUISTA
11072026,6,13.9,90,1013.4,200,9,RECONQUISTA
11072026,7,13.1,91,1013.9,200,9,RECONQUISTA
11072026,8,12.5,94,1014.4,270,9,RECONQUISTA
11072026,9,13.4,92,1015.8,200,24,RECONQUISTA
11072026,10,15.0,83,1016.5,200,24,RECONQUISTA
11072026,11,17.1,76,1017.7,200,24,RECONQUISTA
11072026,12,18.4,67,1017.7,200,24,RECONQUISTA
11072026,13,19.5,64,1017.7,200,24,RECONQUISTA
11072026,14,20.6,58,1017.1,200,24,RECONQUISTA
11072026,15,20.3,58,1017.1,200,33,RECONQUISTA
11072026,16,19.5,58,1017.1,200,33,RECONQUISTA
11072026,17,17.7,65,1017.6,200,24,RECONQUISTA
11072026,18,14.7,78,1018.2,200,33,RECONQUISTA
11072026,19,11.8,87,1019.2,200,33,RECONQUISTA
11072026,20,11.0,88,1020.0,200,33,RECONQUISTA
11072026,21,10.9,90,1020.7,200,24,RECONQUISTA
11072026,22,10.8,89,1021.2,200,24,RECONQUISTA
11072026,23,10.4,92,1021.5,200,24,RECONQUISTA
11072026,0,18.5,90,1009.6,140,4,RESISTENCIA
11072026,1,18.4,90,1009.2,200,6,RESISTENCIA
11072026,2,18.1,90,1009.8,200,7,RESISTENCIA
11072026,3,16.9,90,1010.2,200,7,RESISTENCIA
11072026,4,16.9,90,1010.0,180,9,RESISTENCIA
11072026,5,16.7,92,1010.8,230,6,RESISTENCIA
11072026,6,16.9,92,1011.0,210,7,RESISTENCIA
11072026,7,16.5,91,1011.5,210,15,RESISTENCIA
11072026,8,16.9,90,1013.4,180,9,RESISTENCIA
11072026,9,16.8,88,1014.0,180,6,RESISTENCIA
11072026,10,18.5,80,1014.5,200,9,RESISTENCIA
11072026,11,19.6,71,1014.9,210,9,RESISTENCIA
11072026,12,21.8,67,1014.9,200,15,RESISTENCIA
11072026,13,23.2,61,1015.0,200,19,RESISTENCIA
11072026,14,23.8,56,1014.5,200,19,RESISTENCIA
11072026,15,24.4,54,1014.3,200,20,RESISTENCIA
11072026,16,23.4,56,1014.6,180,4,RESISTENCIA
11072026,17,22.0,55,1015.0,180,20,RESISTENCIA
11072026,18,20.3,58,1015.5,190,15,RESISTENCIA
11072026,19,18.2,66,1016.3,180,13,RESISTENCIA
11072026,20,16.5,71,1017.2,180,11,RESISTENCIA
11072026,21,15.2,77,1017.5,180,9,RESISTENCIA
11072026,22,13.2,83,1017.9,200,7,RESISTENCIA
11072026,23,13.0,84,1018.9,180,11,RESISTENCIA
11072026,6,5.0,95,1019.0,240,9,RIO CUARTO
11072026,7,4.8,99,1021.2,240,15,RIO CUARTO
11072026,8,4.4,99,1021.9,270,13,RIO CUARTO
11072026,9,5.0,99,1022.8,240,15,RIO CUARTO
11072026,10,6.0,95,1023.1,240,11,RIO CUARTO
11072026,11,7.0,90,1023.8,270,19,RIO CUARTO
11072026,12,8.0,90,1024.1,230,13,RIO CUARTO
11072026,13,8.2,88,1023.4,230,22,RIO CUARTO
11072026,14,8.0,88,1023.0,210,22,RIO CUARTO
11072026,15,8.0,90,1022.9,180,24,RIO CUARTO
11072026,16,8.1,86,1023.2,200,22,RIO CUARTO
11072026,17,8.2,80,1022.9,230,22,RIO CUARTO
11072026,18,8.3,79,1023.0,230,22,RIO CUARTO
11072026,19,8.2,79,1023.1,230,11,RIO CUARTO
11072026,20,8.0,80,1023.7,230,9,RIO CUARTO
11072026,21,8.0,82,1023.8,230,6,RIO CUARTO
11072026,0,-.4,86,1019.6,360,19,RIO GALLEGO
11072026,1,-.3,82,1019.0,360,22,RIO GALLEGO
11072026,2,-1.6,92,1018.8,340,7,RIO GALLEGO
11072026,3,-1.9,87,1018.1,340,13,RIO GALLEGO
11072026,4,-3.2,91,1017.3,340,19,RIO GALLEGO
11072026,5,-3.2,91,1017.0,320,13,RIO GALLEGO
11072026,6,-4.2,90,1016.9,290,11,RIO GALLEGO
11072026,7,-6.2,94,1016.4,290,13,RIO GALLEGO
11072026,8,-7.5,94,1016.9,260,13,RIO GALLEGO
11072026,9,-8.4,94,1016.8,250,15,RIO GALLEGO
11072026,10,-8.6,97,1016.9,270,17,RIO GALLEGO
11072026,11,-7.2,94,1017.0,260,13,RIO GALLEGO
11072026,12,-5.6,97,1017.0,250,15,RIO GALLEGO
11072026,13,-4.7,92,1016.9,250,19,RIO GALLEGO
11072026,14,-4.0,93,1016.6,250,15,RIO GALLEGO
11072026,15,-3.6,95,1016.0,250,15,RIO GALLEGO
11072026,16,-3.3,95,1015.7,250,13,RIO GALLEGO
11072026,17,-3.1,93,1015.7,250,15,RIO GALLEGO
11072026,18,-3.3,95,1015.8,240,6,RIO GALLEGO
11072026,19,-5.2,97,1015.9,360,4,RIO GALLEGO
11072026,20,-5.8,97,1015.7,340,4,RIO GALLEGO
11072026,21,-5.2,97,1015.9,270,11,RIO GALLEGO
11072026,22,-4.7,98,1015.7,250,6,RIO GALLEGO
11072026,23,-4.2,95,1015.4,210,6,RIO GALLEGO
11072026,0,-3.6,93,1019.5,990,4,RIO GRANDE
11072026,1,-2.6,96,1019.3,290,6,RIO GRANDE
11072026,2,-1.8,96,1018.9,290,6,RIO GRANDE
11072026,3,-.2,94,1018.4,290,7,RIO GRANDE
11072026,4,1.2,94,1018.0,310,19,RIO GRANDE
11072026,5,1.0,94,1017.5,290,17,RIO GRANDE
11072026,6,.6,90,1017.1,270,17,RIO GRANDE
11072026,7,.2,98,1016.5,250,7,RIO GRANDE
11072026,9,-1.1,97,1016.3,230,6,RIO GRANDE
11072026,10,-1.7,96,1015.8,170,6,RIO GRANDE
11072026,11,-1.4,92,1015.7,190,7,RIO GRANDE
11072026,12,-1.1,97,1015.5,990,2,RIO GRANDE
11072026,13,-.2,96,1014.8,990,6,RIO GRANDE
11072026,14,-.6,96,1014.4,250,11,RIO GRANDE
11072026,15,-.2,90,1014.0,250,9,RIO GRANDE
11072026,16,-.9,91,1013.4,240,9,RIO GRANDE
11072026,17,-1.1,89,1013.6,240,7,RIO GRANDE
11072026,18,-2.0,94,1013.1,280,11,RIO GRANDE
11072026,19,-2.7,93,1013.0,990,4,RIO GRANDE
11072026,20,-3.0,96,1012.6,310,9,RIO GRANDE
11072026,21,-2.8,94,1012.7,280,7,RIO GRANDE
11072026,22,-3.3,92,1012.3,990,4,RIO GRANDE
11072026,23,-4.0,91,1012.3,310,9,RIO GRANDE
11072026,9,17.6,75,1015.7,180,4,RIVADAVIA
11072026,12,20.8,64,,180,4,RIVADAVIA
11072026,15,24.0,55,,180,4,RIVADAVIA
11072026,18,24.4,54,,180,4,RIVADAVIA
11072026,21,20.0,69,1016.7,0,0,RIVADAVIA
11072026,0,8.9,92,1016.4,170,7,ROSARIO AER
11072026,1,8.2,95,1016.4,170,9,ROSARIO AER
11072026,2,7.5,96,1016.8,0,0,ROSARIO AER
11072026,3,6.9,99,1015.7,170,4,ROSARIO AER
11072026,4,6.7,99,1016.4,180,9,ROSARIO AER
11072026,5,6.4,100,1016.8,190,7,ROSARIO AER
11072026,6,6.8,100,1016.8,190,11,ROSARIO AER
11072026,7,6.9,100,1017.2,170,19,ROSARIO AER
11072026,8,7.7,100,1018.7,180,22,ROSARIO AER
11072026,9,8.2,99,1018.8,160,19,ROSARIO AER
11072026,10,9.0,95,1019.7,160,19,ROSARIO AER
11072026,11,9.5,94,1020.2,180,20,ROSARIO AER
11072026,12,9.7,91,1020.6,160,20,ROSARIO AER
11072026,13,10.1,89,1020.5,180,17,ROSARIO AER
11072026,14,11.4,83,1020.0,180,13,ROSARIO AER
11072026,15,13.0,75,1019.6,140,11,ROSARIO AER
11072026,16,14.1,67,1019.5,170,15,ROSARIO AER
11072026,17,13.7,67,1019.6,170,11,ROSARIO AER
11072026,18,13.2,69,1019.9,180,11,ROSARIO AER
11072026,19,10.8,76,1020.9,170,15,ROSARIO AER
11072026,20,11.0,72,1021.3,180,17,ROSARIO AER
11072026,21,10.8,73,1021.6,180,11,ROSARIO AER
11072026,22,10.5,71,1021.7,200,13,ROSARIO AER
11072026,23,10.4,69,1022.3,180,19,ROSARIO AER
11072026,0,15.4,80,,0,0,SALTA AERO
11072026,1,15.2,81,,0,0,SALTA AERO
11072026,2,15.1,82,,320,4,SALTA AERO
11072026,3,14.5,86,,0,0,SALTA AERO
11072026,4,13.9,87,,360,4,SALTA AERO
11072026,5,13.0,88,,230,6,SALTA AERO
11072026,6,13.0,88,,230,6,SALTA AERO
11072026,7,13.3,87,,200,2,SALTA AERO
11072026,8,13.5,89,,180,2,SALTA AERO
11072026,9,13.7,86,,0,0,SALTA AERO
11072026,10,14.0,85,,360,6,SALTA AERO
11072026,11,14.6,81,,360,6,SALTA AERO
11072026,12,17.2,70,,20,9,SALTA AERO
11072026,13,18.7,60,,20,4,SALTA AERO
11072026,14,20.6,55,,360,9,SALTA AERO
11072026,15,21.4,46,,50,9,SALTA AERO
11072026,16,22.0,46,,50,9,SALTA AERO
11072026,17,21.4,49,,50,13,SALTA AERO
11072026,18,20.0,52,,50,15,SALTA AERO
11072026,19,17.2,64,,90,11,SALTA AERO
11072026,20,14.4,70,,90,13,SALTA AERO
11072026,21,14.2,77,,50,9,SALTA AERO
11072026,22,14.2,75,,50,7,SALTA AERO
11072026,23,14.3,80,,20,6,SALTA AERO
11072026,9,5.2,82,1025.8,230,9,SAN ANTONIO
11072026,15,10.8,71,,110,4,SAN ANTONIO
11072026,21,3.6,90,1024.8,320,9,SAN ANTONIO
11072026,0,11.7,91,1015.9,150,7,SAN FERNAND
11072026,1,11.5,90,1016.6,200,7,SAN FERNAND
11072026,2,10.6,91,1016.6,200,7,SAN FERNAND
11072026,3,8.9,95,1015.9,0,0,SAN FERNAND
11072026,4,8.4,97,1015.7,240,6,SAN FERNAND
11072026,5,9.1,97,1015.6,200,7,SAN FERNAND
11072026,6,8.8,100,1016.2,220,11,SAN FERNAND
11072026,7,9.0,99,1017.3,220,13,SAN FERNAND
11072026,8,9.2,97,1017.9,210,19,SAN FERNAND
11072026,9,9.5,94,1018.5,230,11,SAN FERNAND
11072026,10,9.7,95,1018.6,230,11,SAN FERNAND
11072026,11,10.0,94,1018.9,240,11,SAN FERNAND
11072026,12,11.5,90,1018.6,240,15,SAN FERNAND
11072026,13,12.0,87,1018.2,230,17,SAN FERNAND
11072026,14,12.4,78,1017.6,240,19,SAN FERNAND
11072026,15,11.9,80,1017.7,250,22,SAN FERNAND
11072026,16,11.8,79,1017.7,240,20,SAN FERNAND
11072026,17,11.4,79,1018.1,230,17,SAN FERNAND
11072026,18,11.0,79,1018.5,250,15,SAN FERNAND
11072026,19,10.5,85,1019.2,250,19,SAN FERNAND
11072026,20,9.9,87,1019.9,250,19,SAN FERNAND
11072026,21,9.6,92,1019.7,240,13,SAN FERNAND
11072026,22,9.3,94,1020.1,240,11,SAN FERNAND
11072026,23,9.9,91,1020.6,220,13,SAN FERNAND
11072026,0,7.1,61,1018.1,210,6,SAN JUAN AE
11072026,1,6.0,69,1018.2,0,0,SAN JUAN AE
11072026,2,6.8,67,1018.3,0,0,SAN JUAN AE
11072026,3,5.8,77,1018.4,0,0,SAN JUAN AE
11072026,4,3.7,78,1017.9,60,13,SAN JUAN AE
11072026,5,2.3,81,1019.4,130,7,SAN JUAN AE
11072026,6,2.0,81,1020.8,160,9,SAN JUAN AE
11072026,7,2.7,80,1021.9,160,15,SAN JUAN AE
11072026,8,4.3,80,1023.6,160,15,SAN JUAN AE
11072026,9,3.5,79,1025.1,180,11,SAN JUAN AE
11072026,10,5.0,83,1026.0,200,4,SAN JUAN AE
11072026,11,7.4,73,1026.5,180,20,SAN JUAN AE
11072026,12,8.4,69,1026.7,180,26,SAN JUAN AE
11072026,13,8.0,74,1026.6,180,22,SAN JUAN AE
11072026,14,8.4,69,1025.3,180,26,SAN JUAN AE
11072026,15,8.4,69,1024.8,180,22,SAN JUAN AE
11072026,16,10.0,63,1024.0,180,19,SAN JUAN AE
11072026,17,9.6,63,1023.6,180,20,SAN JUAN AE
11072026,18,9.4,63,1023.9,180,15,SAN JUAN AE
11072026,19,8.6,69,1024.1,200,9,SAN JUAN AE
11072026,20,7.0,75,1024.3,200,9,SAN JUAN AE
11072026,21,4.8,85,1025.2,200,4,SAN JUAN AE
11072026,22,4.2,88,1025.6,0,0,SAN JUAN AE
11072026,23,3.6,93,1025.8,0,0,SAN JUAN AE
11072026,9,-2.8,93,1020.2,320,6,SAN JULIAN
11072026,15,4.6,55,1017.7,320,11,SAN JULIAN
11072026,21,-4.2,87,1018.4,320,4,SAN JULIAN
11072026,0,6.4,81,1016.6,80,9,SAN LUIS AE
11072026,1,6.7,79,1016.2,50,9,SAN LUIS AE
11072026,2,6.6,80,1017.7,0,0,SAN LUIS AE
11072026,3,6.6,81,1018.7,50,7,SAN LUIS AE
11072026,4,6.4,80,1018.7,0,0,SAN LUIS AE
11072026,5,5.9,87,1018.8,90,7,SAN LUIS AE
11072026,6,5.0,85,1019.9,90,9,SAN LUIS AE
11072026,7,4.5,89,1021.1,180,7,SAN LUIS AE
11072026,8,3.9,87,1021.9,110,17,SAN LUIS AE
11072026,9,4.4,89,1022.9,110,13,SAN LUIS AE
11072026,10,5.3,85,1024.0,180,6,SAN LUIS AE
11072026,11,7.1,75,1024.2,140,13,SAN LUIS AE
11072026,12,9.4,71,1024.0,140,15,SAN LUIS AE
11072026,13,10.9,67,1023.5,140,19,SAN LUIS AE
11072026,14,12.4,61,1022.4,140,20,SAN LUIS AE
11072026,15,13.0,59,1021.7,160,17,SAN LUIS AE
11072026,16,13.1,58,1021.3,130,17,SAN LUIS AE
11072026,17,12.8,56,1020.5,130,17,SAN LUIS AE
11072026,18,13.2,47,1020.6,110,17,SAN LUIS AE
11072026,19,10.7,62,1021.6,10,7,SAN LUIS AE
11072026,20,8.1,75,1022.3,300,2,SAN LUIS AE
11072026,21,6.7,83,1023.3,20,4,SAN LUIS AE
11072026,22,6.3,87,1024.4,30,6,SAN LUIS AE
11072026,23,4.9,86,1024.7,0,0,SAN LUIS AE
11072026,9,5.2,93,1024.1,140,15,SAN MARTIN
11072026,10,6.4,88,1025.1,160,11,SAN MARTIN
11072026,11,7.4,81,1026.2,150,13,SAN MARTIN
11072026,12,7.6,78,1026.5,150,13,SAN MARTIN
11072026,13,7.9,77,1026.2,160,11,SAN MARTIN
11072026,14,8.9,73,1025.0,200,7,SAN MARTIN
11072026,15,9.7,69,1023.6,140,4,SAN MARTIN
11072026,16,10.1,67,1023.3,200,4,SAN MARTIN
11072026,17,11.5,62,1022.5,80,4,SAN MARTIN
11072026,18,11.0,63,1022.3,30,4,SAN MARTIN
11072026,19,8.1,75,1022.8,340,6,SAN MARTIN
11072026,20,6.6,81,1023.4,330,6,SAN MARTIN
11072026,21,5.6,87,1023.8,340,4,SAN MARTIN
11072026,6,4.2,94,1022.3,230,6,SAN RAFAEL
11072026,7,4.2,78,1023.2,230,6,SAN RAFAEL
11072026,8,5.0,91,1023.9,230,6,SAN RAFAEL
11072026,9,5.6,85,1025.2,270,6,SAN RAFAEL
11072026,10,6.6,83,1025.8,270,4,SAN RAFAEL
11072026,11,8.0,74,1025.8,270,7,SAN RAFAEL
11072026,12,9.0,70,1025.8,320,6,SAN RAFAEL
11072026,13,9.4,72,1024.9,0,0,SAN RAFAEL
11072026,14,9.6,68,1023.7,360,4,SAN RAFAEL
11072026,15,10.2,66,1022.8,50,6,SAN RAFAEL
11072026,16,10.4,67,1022.7,0,0,SAN RAFAEL
11072026,17,11.0,58,1023.1,360,6,SAN RAFAEL
11072026,18,10.4,62,1022.4,50,11,SAN RAFAEL
11072026,19,8.6,69,1022.4,70,9,SAN RAFAEL
11072026,20,5.6,82,1023.5,0,0,SAN RAFAEL
11072026,21,4.8,88,1024.0,0,0,SAN RAFAEL
11072026,9,-5.3,95,1017.2,290,19,SANTA CRUZ
11072026,15,-1.2,77,,290,37,SANTA CRUZ
11072026,21,-5.5,100,1016.3,290,28,SANTA CRUZ
11072026,0,7.7,99,1019.7,140,7,SANTA ROSA
11072026,1,7.8,99,1020.1,110,6,SANTA ROSA
11072026,2,7.7,99,1020.5,140,6,SANTA ROSA
11072026,3,7.8,99,1020.9,160,7,SANTA ROSA
11072026,4,7.8,99,1021.2,200,7,SANTA ROSA
11072026,5,7.7,99,1021.2,200,6,SANTA ROSA
11072026,6,7.6,100,1021.1,180,15,SANTA ROSA
11072026,7,7.4,97,1021.4,180,19,SANTA ROSA
11072026,8,7.4,97,1022.5,180,13,SANTA ROSA
11072026,9,7.4,96,1023.2,200,11,SANTA ROSA
11072026,10,7.8,93,1023.9,190,15,SANTA ROSA
11072026,11,8.0,90,1024.5,180,19,SANTA ROSA
11072026,12,8.7,87,1024.6,180,17,SANTA ROSA
11072026,13,9.1,78,1024.1,170,17,SANTA ROSA
11072026,14,8.7,79,1023.8,180,19,SANTA ROSA
11072026,15,8.8,77,1023.9,200,13,SANTA ROSA
11072026,16,9.0,79,1023.2,170,13,SANTA ROSA
11072026,17,9.1,78,1022.6,150,13,SANTA ROSA
11072026,18,8.9,79,1023.0,180,6,SANTA ROSA
11072026,19,8.1,87,1023.4,150,11,SANTA ROSA
11072026,20,7.5,94,1024.3,160,13,SANTA ROSA
11072026,21,6.6,97,1024.8,140,9,SANTA ROSA
11072026,22,6.7,99,1025.4,140,2,SANTA ROSA
11072026,23,6.8,97,1025.6,20,2,SANTA ROSA
11072026,8,2.0,93,1020.8,0,0,SANTA ROSA
11072026,9,3.9,91,1021.8,140,15,SANTA ROSA
11072026,10,5.2,91,1023.4,140,17,SANTA ROSA
11072026,11,6.8,73,1024.2,140,20,SANTA ROSA
11072026,12,8.7,76,1023.9,140,13,SANTA ROSA
11072026,13,12.9,64,1022.6,180,19,SANTA ROSA
11072026,14,15.6,57,1020.3,180,17,SANTA ROSA
11072026,15,17.0,51,1018.7,180,17,SANTA ROSA
11072026,16,17.9,44,1018.1,180,17,SANTA ROSA
11072026,17,17.1,39,1017.5,140,17,SANTA ROSA
11072026,18,15.5,47,1019.4,180,20,SANTA ROSA
11072026,19,11.4,61,1020.3,140,15,SANTA ROSA
11072026,20,8.7,76,1021.9,140,13,SANTA ROSA
11072026,21,6.7,80,1022.3,140,15,SANTA ROSA
11072026,0,15.2,77,1014.9,240,6,SANTIAGO DE
11072026,1,15.4,71,1014.7,180,6,SANTIAGO DE
11072026,2,15.6,69,1015.2,180,7,SANTIAGO DE
11072026,3,15.6,67,1015.3,180,15,SANTIAGO DE
11072026,4,15.0,73,1015.5,170,11,SANTIAGO DE
11072026,5,15.0,72,1016.2,180,15,SANTIAGO DE
11072026,6,15.1,70,1016.6,180,13,SANTIAGO DE
11072026,7,14.8,72,1016.5,180,4,SANTIAGO DE
11072026,8,14.6,74,1017.7,230,4,SANTIAGO DE
11072026,9,14.8,79,1018.5,230,4,SANTIAGO DE
11072026,10,15.6,70,1019.4,200,7,SANTIAGO DE
11072026,11,16.4,60,1020.6,180,7,SANTIAGO DE
11072026,12,16.4,65,1020.8,140,4,SANTIAGO DE
11072026,13,17.8,61,1020.0,140,4,SANTIAGO DE
11072026,14,19.7,53,1019.0,140,6,SANTIAGO DE
11072026,15,21.0,54,1018.0,110,6,SANTIAGO DE
11072026,16,21.6,55,1017.7,140,7,SANTIAGO DE
11072026,17,21.9,56,1017.7,110,9,SANTIAGO DE
11072026,18,21.0,60,1018.2,90,6,SANTIAGO DE
11072026,19,18.8,67,1018.6,70,7,SANTIAGO DE
11072026,20,18.4,70,1019.6,90,11,SANTIAGO DE
11072026,21,15.6,69,1020.7,140,9,SANTIAGO DE
11072026,22,15.2,71,1021.6,90,7,SANTIAGO DE
11072026,23,14.4,76,1022.3,140,9,SANTIAGO DE
11072026,0,13.2,87,1016.0,180,13,SAUCE VIEJO
11072026,1,12.6,90,1016.0,200,11,SAUCE VIEJO
11072026,2,11.5,91,1016.1,180,9,SAUCE VIEJO
11072026,3,11.2,92,1016.2,200,7,SAUCE VIEJO
11072026,4,10.7,95,1015.9,230,11,SAUCE VIEJO
11072026,5,10.1,95,1015.4,230,9,SAUCE VIEJO
11072026,6,8.6,97,1016.2,230,17,SAUCE VIEJO
11072026,7,9.4,97,1016.3,200,19,SAUCE VIEJO
11072026,8,9.1,99,1017.0,200,13,SAUCE VIEJO
11072026,9,7.4,100,1018.8,230,24,SAUCE VIEJO
11072026,10,7.2,100,1019.7,230,17,SAUCE VIEJO
11072026,11,8.3,99,1020.8,230,26,SAUCE VIEJO
11072026,12,8.8,97,1021.0,230,22,SAUCE VIEJO
11072026,13,9.5,97,1020.9,230,20,SAUCE VIEJO
11072026,14,10.1,95,1020.7,230,24,SAUCE VIEJO
11072026,15,10.4,91,1020.6,250,26,SAUCE VIEJO
11072026,16,10.7,89,1020.4,230,20,SAUCE VIEJO
11072026,17,10.9,89,1020.8,230,17,SAUCE VIEJO
11072026,18,10.8,89,1021.1,230,20,SAUCE VIEJO
11072026,19,10.6,89,1021.4,270,7,SAUCE VIEJO
11072026,20,7.1,97,1021.6,270,6,SAUCE VIEJO
11072026,21,6.3,100,1021.5,290,4,SAUCE VIEJO
11072026,22,4.1,100,1021.7,250,11,SAUCE VIEJO
11072026,23,10.4,86,1022.7,200,17,SAUCE VIEJO
11072026,0,13.0,84,1015.1,200,15,SUNCHALES A
11072026,1,12.4,86,1015.6,200,15,SUNCHALES A
11072026,2,11.9,88,1015.9,200,15,SUNCHALES A
11072026,3,11.4,89,1016.3,200,15,SUNCHALES A
11072026,4,10.9,90,1016.1,180,15,SUNCHALES A
11072026,5,10.1,94,1015.6,180,15,SUNCHALES A
11072026,6,9.4,95,1015.6,180,15,SUNCHALES A
11072026,7,9.2,95,1015.7,180,9,SUNCHALES A
11072026,8,7.2,94,1017.3,180,9,SUNCHALES A
11072026,9,7.6,99,1019.2,180,9,SUNCHALES A
11072026,10,7.8,97,1019.7,180,15,SUNCHALES A
11072026,11,8.6,97,1020.5,180,24,SUNCHALES A
11072026,12,9.4,95,1021.2,180,24,SUNCHALES A
11072026,13,9.6,92,1020.9,180,24,SUNCHALES A
11072026,14,9.8,90,1020.9,230,15,SUNCHALES A
11072026,15,9.7,87,1020.9,200,24,SUNCHALES A
11072026,16,9.5,87,1020.5,230,24,SUNCHALES A
11072026,17,9.5,88,1021.2,230,15,SUNCHALES A
11072026,18,9.6,87,1021.5,230,9,SUNCHALES A
11072026,19,9.8,86,1021.6,200,15,SUNCHALES A
11072026,20,9.8,86,1021.9,200,24,SUNCHALES A
11072026,21,9.3,89,1022.0,230,9,SUNCHALES A
11072026,22,8.5,93,1022.0,230,9,SUNCHALES A
11072026,23,8.3,95,1022.9,230,9,SUNCHALES A
11072026,11,8.8,94,,140,17,TANDIL AERO
11072026,12,9.9,87,1019.9,140,13,TANDIL AERO
11072026,13,10.7,81,1019.2,160,17,TANDIL AERO
11072026,14,10.5,82,1019.0,140,15,TANDIL AERO
11072026,15,10.6,80,1018.5,160,20,TANDIL AERO
11072026,16,10.8,79,1018.6,160,17,TANDIL AERO
11072026,17,9.0,88,1019.3,160,20,TANDIL AERO
11072026,18,7.7,87,1019.9,180,13,TANDIL AERO
11072026,19,7.8,86,1020.8,180,15,TANDIL AERO
11072026,20,7.4,88,1021.3,180,13,TANDIL AERO
11072026,21,7.0,84,1021.6,180,15,TANDIL AERO
11072026,9,17.2,82,1016.3,180,15,TARTAGAL AE
11072026,12,16.8,84,,180,24,TARTAGAL AE
11072026,15,18.0,82,,230,4,TARTAGAL AE
11072026,18,19.2,76,,270,4,TARTAGAL AE
11072026,21,17.4,85,1017.4,270,4,TARTAGAL AE
11072026,9,14.0,83,1019.0,320,6,TERMAS DE R
11072026,10,14.0,84,1019.8,320,6,TERMAS DE R
11072026,11,14.6,81,1020.4,320,9,TERMAS DE R
11072026,12,16.0,73,1020.9,230,9,TERMAS DE R
11072026,13,17.2,67,1020.4,230,11,TERMAS DE R
11072026,14,18.0,59,1019.4,230,13,TERMAS DE R
11072026,15,19.4,52,1018.1,270,11,TERMAS DE R
11072026,16,20.6,51,1017.6,270,9,TERMAS DE R
11072026,17,21.0,50,1017.5,0,0,TERMAS DE R
11072026,18,20.6,52,1017.9,270,6,TERMAS DE R
11072026,19,18.4,63,1018.2,320,6,TERMAS DE R
11072026,20,17.8,64,1019.3,50,9,TERMAS DE R
11072026,21,17.8,62,1020.1,50,9,TERMAS DE R
11072026,9,2.0,82,,290,15,TINOGASTA
11072026,15,19.6,38,,90,9,TINOGASTA
11072026,18,19.4,41,,110,15,TINOGASTA
11072026,21,13.0,59,,200,9,TINOGASTA
11072026,0,4.2,89,1025.1,0,0,TRELEW AERO
11072026,1,4.6,86,1025.2,140,2,TRELEW AERO
11072026,2,4.1,89,1025.1,990,2,TRELEW AERO
11072026,3,4.0,89,1024.8,250,4,TRELEW AERO
11072026,4,4.0,89,1024.8,250,4,TRELEW AERO
11072026,5,3.2,91,1024.9,0,0,TRELEW AERO
11072026,6,3.3,91,1024.9,250,2,TRELEW AERO
11072026,7,3.0,91,1025.0,290,6,TRELEW AERO
11072026,8,2.8,89,1025.3,0,0,TRELEW AERO
11072026,9,2.8,89,1025.2,340,6,TRELEW AERO
11072026,10,3.4,90,1025.1,0,0,TRELEW AERO
11072026,11,6.0,85,1025.0,0,0,TRELEW AERO
11072026,12,7.5,79,1024.8,0,0,TRELEW AERO
11072026,13,9.2,68,1023.9,990,11,TRELEW AERO
11072026,14,10.4,61,1023.3,990,9,TRELEW AERO
11072026,15,11.4,55,1022.4,340,7,TRELEW AERO
11072026,16,12.2,48,1021.8,990,11,TRELEW AERO
11072026,17,12.0,44,1021.9,360,11,TRELEW AERO
11072026,18,10.2,58,1021.6,20,7,TRELEW AERO
11072026,19,4.8,72,1021.7,50,11,TRELEW AERO
11072026,20,4.6,72,1022.0,50,11,TRELEW AERO
11072026,21,3.6,83,1022.0,50,7,TRELEW AERO
11072026,22,6.2,85,1022.4,990,15,TRELEW AERO
11072026,23,4.5,90,1022.2,330,13,TRELEW AERO
11072026,9,7.6,97,1022.3,230,11,TRENQUE LAU
11072026,12,9.0,92,1023.5,230,19,TRENQUE LAU
11072026,15,10.0,80,1022.3,230,22,TRENQUE LAU
11072026,18,10.2,80,1021.8,230,11,TRENQUE LAU
11072026,21,9.2,84,1023.7,230,15,TRENQUE LAU
11072026,9,8.2,95,1020.5,140,9,TRES ARROYO
11072026,12,9.1,94,1022.2,140,15,TRES ARROYO
11072026,15,9.4,82,1021.2,160,13,TRES ARROYO
11072026,18,7.4,83,1022.4,180,9,TRES ARROYO
11072026,21,6.0,82,1022.9,180,7,TRES ARROYO
11072026,0,14.9,80,1014.4,50,4,TUCUMAN AER
11072026,1,14.9,82,1014.2,0,0,TUCUMAN AER
11072026,2,14.3,86,1014.6,0,0,TUCUMAN AER
11072026,3,13.8,87,1014.8,230,6,TUCUMAN AER
11072026,4,13.7,87,1015.2,230,6,TUCUMAN AER
11072026,5,13.5,88,1015.3,200,6,TUCUMAN AER
11072026,6,12.9,90,1017.0,250,7,TUCUMAN AER
11072026,7,12.9,90,1017.8,290,6,TUCUMAN AER
11072026,8,13.1,90,1018.3,360,9,TUCUMAN AER
11072026,9,11.9,92,1018.8,360,6,TUCUMAN AER
11072026,10,14.5,79,1019.2,360,6,TUCUMAN AER
11072026,11,16.8,69,1019.8,110,7,TUCUMAN AER
11072026,12,17.8,68,1020.3,140,11,TUCUMAN AER
11072026,13,18.5,66,1019.9,180,9,TUCUMAN AER
11072026,14,18.5,64,1018.8,180,11,TUCUMAN AER
11072026,15,19.7,61,1017.9,160,9,TUCUMAN AER
11072026,16,19.5,60,1017.5,180,9,TUCUMAN AER
11072026,17,18.9,63,1017.5,200,9,TUCUMAN AER
11072026,18,18.9,64,1018.3,230,7,TUCUMAN AER
11072026,19,17.5,71,1018.8,230,6,TUCUMAN AER
11072026,20,15.0,77,1019.8,0,0,TUCUMAN AER
11072026,21,15.3,71,1020.3,320,6,TUCUMAN AER
11072026,22,14.5,76,1020.8,20,6,TUCUMAN AER
11072026,23,14.9,76,1021.1,90,9,TUCUMAN AER
11072026,0,-.2,77,1016.3,360,4,USHUAIA AER
11072026,1,-.4,80,1016.2,270,6,USHUAIA AER
11072026,2,-.4,80,1016.2,270,4,USHUAIA AER
11072026,3,-.6,84,1015.7,250,7,USHUAIA AER
11072026,4,-.9,83,1015.3,250,11,USHUAIA AER
11072026,5,-1.2,89,1015.2,270,7,USHUAIA AER
11072026,6,-.8,87,1014.8,320,2,USHUAIA AER
11072026,7,-.2,88,1014.5,340,4,USHUAIA AER
11072026,8,-.3,98,1014.8,320,6,USHUAIA AER
11072026,9,-.2,98,1015.1,320,4,USHUAIA AER
11072026,10,-1.0,93,1014.4,360,11,USHUAIA AER
11072026,11,-.2,85,1014.4,20,15,USHUAIA AER
11072026,12,.0,88,1014.1,360,2,USHUAIA AER
11072026,13,.8,82,1013.3,270,4,USHUAIA AER
11072026,14,.8,82,1012.9,230,4,USHUAIA AER
11072026,15,1.0,79,1012.7,290,4,USHUAIA AER
11072026,16,.2,94,1012.3,990,2,USHUAIA AER
11072026,17,.0,98,1011.9,0,0,USHUAIA AER
11072026,18,.0,98,1011.8,360,9,USHUAIA AER
11072026,19,-.4,92,1011.4,320,9,USHUAIA AER
11072026,20,-.2,90,1011.2,320,9,USHUAIA AER
11072026,21,.1,76,1010.9,320,4,USHUAIA AER
11072026,22,.2,76,1010.6,320,6,USHUAIA AER
11072026,23,.1,78,1010.3,320,6,USHUAIA AER
11072026,9,3.9,72,,0,0,USPALLATA
11072026,15,16.7,28,,0,0,USPALLATA
11072026,21,7.0,58,,0,0,USPALLATA
11072026,6,8.1,95,1018.0,180,9,VENADO TUER
11072026,7,7.9,94,1019.4,180,11,VENADO TUER
11072026,8,7.5,94,1020.3,180,13,VENADO TUER
11072026,9,8.2,93,1020.5,160,11,VENADO TUER
11072026,10,9.0,90,1021.1,160,9,VENADO TUER
11072026,11,9.2,87,1021.5,160,15,VENADO TUER
11072026,12,10.4,84,1021.6,160,15,VENADO TUER
11072026,13,11.0,81,1021.1,180,17,VENADO TUER
11072026,14,11.3,79,1020.6,180,15,VENADO TUER
11072026,15,11.9,73,1020.7,160,19,VENADO TUER
11072026,16,12.1,70,1020.7,180,13,VENADO TUER
11072026,17,11.5,72,1020.8,180,13,VENADO TUER
11072026,18,10.3,72,1021.4,180,17,VENADO TUER
11072026,19,10.2,79,1021.3,180,11,VENADO TUER
11072026,20,9.7,80,1021.9,160,11,VENADO TUER
11072026,21,9.2,83,1022.3,180,19,VENADO TUER
11072026,9,6.7,100,1023.9,230,9,VICTORICA
11072026,15,10.0,76,1023.7,230,15,VICTORICA
11072026,21,8.0,95,1024.7,140,9,VICTORICA
11072026,0,7.1,93,1022.4,150,7,VIEDMA AERO
11072026,1,7.0,94,1022.8,130,7,VIEDMA AERO
11072026,2,6.7,95,1022.9,140,6,VIEDMA AERO
11072026,3,6.6,95,1023.0,110,6,VIEDMA AERO
11072026,4,6.3,94,1023.0,120,6,VIEDMA AERO
11072026,5,6.1,93,1023.1,180,4,VIEDMA AERO
11072026,6,6.2,94,1023.3,170,4,VIEDMA AERO
11072026,7,6.0,95,1023.8,990,2,VIEDMA AERO
11072026,8,5.9,94,1024.3,160,6,VIEDMA AERO
11072026,9,5.8,92,1024.7,990,4,VIEDMA AERO
11072026,10,6.2,91,1024.9,990,2,VIEDMA AERO
11072026,11,8.6,81,1025.0,100,6,VIEDMA AERO
11072026,12,9.5,73,1024.7,50,6,VIEDMA AERO
11072026,13,9.7,69,1024.3,990,4,VIEDMA AERO
11072026,14,9.7,69,1023.9,30,6,VIEDMA AERO
11072026,15,9.7,68,1023.4,990,4,VIEDMA AERO
11072026,16,9.9,70,1023.1,70,6,VIEDMA AERO
11072026,17,9.5,72,1023.1,50,6,VIEDMA AERO
11072026,18,9.1,76,1023.2,40,6,VIEDMA AERO
11072026,19,8.4,80,1023.5,40,6,VIEDMA AERO
11072026,20,8.0,81,1023.7,40,7,VIEDMA AERO
11072026,21,7.6,78,1024.0,20,7,VIEDMA AERO
11072026,22,7.6,78,1024.2,10,7,VIEDMA AERO
11072026,23,7.1,79,1024.5,350,9,VIEDMA AERO
11072026,9,5.1,91,1020.8,0,0,VILLA DE MA
11072026,15,18.0,51,1021.6,180,9,VILLA DE MA
11072026,21,9.9,82,1024.3,180,9,VILLA DE MA
11072026,9,5.0,90,1021.7,230,6,VILLA DOLOR
11072026,10,10.8,67,1021.8,230,11,VILLA DOLOR
11072026,11,11.3,67,1022.4,140,9,VILLA DOLOR
11072026,12,13.6,58,1022.5,180,7,VILLA DOLOR
11072026,13,15.2,49,1022.1,230,19,VILLA DOLOR
11072026,14,16.5,45,1020.9,0,0,VILLA DOLOR
11072026,15,19.2,45,1019.6,180,7,VILLA DOLOR
11072026,16,20.0,44,1019.0,270,11,VILLA DOLOR
11072026,17,20.0,39,1018.9,270,6,VILLA DOLOR
11072026,18,18.6,44,1019.2,180,11,VILLA DOLOR
11072026,19,13.2,63,1020.3,230,6,VILLA DOLOR
11072026,20,11.4,52,1021.2,140,9,VILLA DOLOR
11072026,21,9.8,66,1022.1,140,6,VILLA DOLOR
11072026,8,10.0,94,1017.7,90,15,VILLA GESEL
11072026,9,10.0,94,1018.0,90,19,VILLA GESEL
11072026,10,9.5,96,1018.2,90,20,VILLA GESEL
11072026,11,9.8,92,1018.6,110,24,VILLA GESEL
11072026,12,9.8,96,1018.4,110,22,VILLA GESEL
11072026,13,10.0,94,1018.0,110,20,VILLA GESEL
11072026,14,10.0,94,1017.6,140,22,VILLA GESEL
11072026,15,10.0,94,1017.6,140,24,VILLA GESEL
11072026,16,10.0,94,1017.6,140,22,VILLA GESEL
11072026,17,9.4,95,1017.9,110,20,VILLA GESEL
11072026,18,8.9,95,1018.0,140,22,VILLA GESEL
11072026,19,8.9,95,1018.5,140,19,VILLA GESEL
11072026,20,8.5,96,1018.9,140,17,VILLA GESEL
11072026,21,9.0,97,1019.6,160,17,VILLA GESEL
11072026,0,1.8,93,1019.5,90,4,VILLA REYNO
11072026,1,.2,92,1019.5,290,4,VILLA REYNO
11072026,2,-.8,94,1019.8,180,4,VILLA REYNO
11072026,3,-1.0,94,1020.8,250,4,VILLA REYNO
11072026,4,-.4,94,1021.2,320,4,VILLA REYNO
11072026,5,.6,94,1021.6,340,4,VILLA REYNO
11072026,6,1.8,95,1022.7,230,4,VILLA REYNO
11072026,7,3.3,97,1023.1,270,4,VILLA REYNO
11072026,8,4.8,99,1024.1,270,6,VILLA REYNO
11072026,9,5.0,97,1025.3,270,7,VILLA REYNO
11072026,10,5.4,95,1026.0,290,7,VILLA REYNO
11072026,11,6.9,74,1026.5,270,7,VILLA REYNO
11072026,12,7.2,73,1026.8,270,4,VILLA REYNO
11072026,13,7.9,66,1026.4,230,13,VILLA REYNO
11072026,14,8.2,63,1026.1,230,17,VILLA REYNO
11072026,15,8.4,63,1025.7,230,15,VILLA REYNO
11072026,16,8.8,58,1025.0,230,9,VILLA REYNO
11072026,17,9.2,56,1024.4,0,0,VILLA REYNO
11072026,18,9.1,54,1023.9,360,9,VILLA REYNO
11072026,19,7.0,75,1023.9,0,0,VILLA REYNO
11072026,20,4.0,86,1024.7,0,0,VILLA REYNO
11072026,21,3.0,87,1025.0,320,9,VILLA REYNO
11072026,22,2.1,84,1025.5,320,6,VILLA REYNO
11072026,23,1.1,87,1026.8,50,4,VILLA REYNO
